<metadata xml:lang="en"><Esri><CreaDate>20210720</CreaDate><CreaTime>17093900</CreaTime><ArcGISFormat>1.0</ArcGISFormat><SyncOnce>FALSE</SyncOnce><DataProperties><lineage><Process ToolSource="c:\program files (x86)\arcgis\desktop10.4\ArcToolbox\Toolboxes\Data Management Tools.tbx\CalculateField" Date="20190925" Time="103533" Name="" export="">CalculateField DFO_MPA_2019_08_01_Final KM2_Test round( [KM2] , 2) VB #</Process><Process ToolSource="c:\program files (x86)\arcgis\desktop10.4\ArcToolbox\Toolboxes\Data Management Tools.tbx\CalculateField" Date="20191104" Time="132735" Name="" export="">CalculateField DFO_MPA_2019_08_01 URL_E "https://www.dfo-mpo.gc.ca/oceans/mpa-zpm/endeavour/index-eng.html" VB #</Process><Process ToolSource="c:\program files (x86)\arcgis\desktop10.4\ArcToolbox\Toolboxes\Data Management Tools.tbx\CalculateField" Date="20191104" Time="132805" Name="" export="">CalculateField DFO_MPA_2019_08_01 URL_F "https://www.dfo-mpo.gc.ca/oceans/mpa-zpm/endeavour/index-fra.html" VB #</Process><Process ToolSource="c:\program files (x86)\arcgis\desktop10.4\ArcToolbox\Toolboxes\Data Management Tools.tbx\CalculateField" Date="20191104" Time="134630" Name="" export="">CalculateField DFO_MPA_2019_08_01 URL_E "https://www.dfo-mpo.gc.ca/oceans/mpa-zpm/gully/index-eng.html" VB #</Process><Process ToolSource="c:\program files (x86)\arcgis\desktop10.4\ArcToolbox\Toolboxes\Data Management Tools.tbx\CalculateField" Date="20191104" Time="134653" Name="" export="">CalculateField DFO_MPA_2019_08_01 URL_F "https://www.dfo-mpo.gc.ca/oceans/mpa-zpm/gully/index-fra.html" VB #</Process><Process ToolSource="c:\program files (x86)\arcgis\desktop10.4\ArcToolbox\Toolboxes\Data Management Tools.tbx\CalculateField" Date="20191104" Time="135131" Name="" export="">CalculateField DFO_MPA_2019_08_01 URL_E "https://www.dfo-mpo.gc.ca/oceans/mpa-zpm/musquash/index-eng.html" VB #</Process><Process ToolSource="c:\program files (x86)\arcgis\desktop10.4\ArcToolbox\Toolboxes\Data Management Tools.tbx\CalculateField" Date="20191104" Time="135205" Name="" export="">CalculateField DFO_MPA_2019_08_01 URL_F "https://www.dfo-mpo.gc.ca/oceans/mpa-zpm/musquash/index-fra.html" VB #</Process><Process ToolSource="c:\program files (x86)\arcgis\desktop10.4\ArcToolbox\Toolboxes\Data Management Tools.tbx\CalculateField" Date="20191104" Time="135538" Name="" export="">CalculateField DFO_MPA_2019_08_01 URL_E "https://www.dfo-mpo.gc.ca/oceans/mpa-zpm/tarium-niryutait/index-eng.html" VB #</Process><Process ToolSource="c:\program files (x86)\arcgis\desktop10.4\ArcToolbox\Toolboxes\Data Management Tools.tbx\CalculateField" Date="20191104" Time="135602" Name="" export="">CalculateField DFO_MPA_2019_08_01 URL_F "https://www.dfo-mpo.gc.ca/oceans/mpa-zpm/tarium-niryutait/index-fra.html" VB #</Process><Process ToolSource="c:\program files (x86)\arcgis\desktop10.4\ArcToolbox\Toolboxes\Data Management Tools.tbx\CalculateField" Date="20191104" Time="140155" Name="" export="">CalculateField DFO_MPA_2019_08_01 URL_E "https://www.dfo-mpo.gc.ca/oceans/mpa-zpm/anguniaqvia-niqiqyuam/index-eng.html" VB #</Process><Process ToolSource="c:\program files (x86)\arcgis\desktop10.4\ArcToolbox\Toolboxes\Data Management Tools.tbx\CalculateField" Date="20191104" Time="140250" Name="" export="">CalculateField DFO_MPA_2019_08_01 URL_F "https://www.dfo-mpo.gc.ca/oceans/mpa-zpm/anguniaqvia-niqiqyuam/index-fra.html" VB #</Process><Process ToolSource="c:\program files (x86)\arcgis\desktop10.4\ArcToolbox\Toolboxes\Data Management Tools.tbx\CalculateField" Date="20191104" Time="140804" Name="" export="">CalculateField DFO_MPA_2019_08_01 URL_E "https://www.dfo-mpo.gc.ca/oceans/mpa-zpm/hecate-charlotte/index-eng.html" VB #</Process><Process ToolSource="c:\program files (x86)\arcgis\desktop10.4\ArcToolbox\Toolboxes\Data Management Tools.tbx\CalculateField" Date="20191104" Time="140827" Name="" export="">CalculateField DFO_MPA_2019_08_01 URL_F "https://www.dfo-mpo.gc.ca/oceans/mpa-zpm/hecate-charlotte/index-fra.html" VB #</Process><Process ToolSource="c:\program files (x86)\arcgis\desktop10.4\ArcToolbox\Toolboxes\Data Management Tools.tbx\CalculateField" Date="20191104" Time="142457" Name="" export="">CalculateField DFO_MPA_2019_08_01 URL_E "https://www.dfo-mpo.gc.ca/oceans/mpa-zpm/hecate-charlotte/index-eng.html" VB #</Process><Process ToolSource="c:\program files (x86)\arcgis\desktop10.4\ArcToolbox\Toolboxes\Data Management Tools.tbx\CalculateField" Date="20191104" Time="142524" Name="" export="">CalculateField DFO_MPA_2019_08_01 URL_F "https://www.dfo-mpo.gc.ca/oceans/mpa-zpm/hecate-charlotte/index-fra.html" VB #</Process><Process ToolSource="c:\program files (x86)\arcgis\desktop10.4\ArcToolbox\Toolboxes\Data Management Tools.tbx\CalculateField" Date="20191104" Time="143011" Name="" export="">CalculateField DFO_MPA_2019_08_01 URL_E "https://www.dfo-mpo.gc.ca/oceans/mpa-zpm/stanns-sainteanne/index-fra.html" VB #</Process><Process ToolSource="c:\program files (x86)\arcgis\desktop10.4\ArcToolbox\Toolboxes\Data Management Tools.tbx\CalculateField" Date="20191104" Time="143044" Name="" export="">CalculateField DFO_MPA_2019_08_01 URL_F "https://www.dfo-mpo.gc.ca/oceans/mpa-zpm/stanns-sainteanne/index-fra.html" VB #</Process><Process ToolSource="c:\program files (x86)\arcgis\desktop10.4\ArcToolbox\Toolboxes\Data Management Tools.tbx\CalculateField" Date="20191104" Time="143109" Name="" export="">CalculateField DFO_MPA_2019_08_01 URL_E "https://www.dfo-mpo.gc.ca/oceans/mpa-zpm/stanns-sainteanne/index-eng.html" VB #</Process><Process ToolSource="c:\program files (x86)\arcgis\desktop10.4\ArcToolbox\Toolboxes\Data Management Tools.tbx\CalculateField" Date="20191104" Time="144548" Name="" export="">CalculateField DFO_MPA_2019_08_01 URL_E "https://www.dfo-mpo.gc.ca/oceans/mpa-zpm/gilbert/index-eng.html" VB #</Process><Process ToolSource="c:\program files (x86)\arcgis\desktop10.4\ArcToolbox\Toolboxes\Data Management Tools.tbx\CalculateField" Date="20191104" Time="144617" Name="" export="">CalculateField DFO_MPA_2019_08_01 URL_F "https://www.dfo-mpo.gc.ca/oceans/mpa-zpm/gilbert/index-fra.html" VB #</Process><Process ToolSource="c:\program files (x86)\arcgis\desktop10.7\ArcToolbox\Toolboxes\Data Management Tools.tbx\CalculateField" Date="20200203" Time="163356" Name="" export="">CalculateField DFO_MPA_2019_08_01 Area Round( [Area],2) VB #</Process><Process ToolSource="c:\program files\arcgis\pro\Resources\ArcToolbox\toolboxes\Data Management Tools.tbx\UpdateSchema" Date="20210716" Time="112249" Name="" export="">UpdateSchema "CIMDATA=&lt;CIMStandardDataConnection xsi:type='typens:CIMStandardDataConnection' xmlns:xsi='http://www.w3.org/2001/XMLSchema-instance' xmlns:xs='http://www.w3.org/2001/XMLSchema' xmlns:typens='http://www.esri.com/schemas/ArcGIS/2.5.0'&gt;&lt;WorkspaceConnectionString&gt;DATABASE=Z:\Data\Oceans_and_Estuaries\Management_Areas\Conservation_Areas\DFO\DFO_Marine_Protected_Areas\Final\DFO_Marine_Protected_Areas.gdb&lt;/WorkspaceConnectionString&gt;&lt;WorkspaceFactory&gt;FileGDB&lt;/WorkspaceFactory&gt;&lt;Dataset&gt;DFO_MPA_2019_08_01&lt;/Dataset&gt;&lt;DatasetType&gt;esriDTFeatureClass&lt;/DatasetType&gt;&lt;/CIMStandardDataConnection&gt;" &lt;operationSequence&gt;&lt;workflow&gt;&lt;AlterField&gt;&lt;field_name&gt;NOM_F&lt;/field_name&gt;&lt;new_field_name&gt;NAME_F&lt;/new_field_name&gt;&lt;field_type&gt;TEXT&lt;/field_type&gt;&lt;field_is_nullable&gt;True&lt;/field_is_nullable&gt;&lt;clear_field_alias&gt;False&lt;/clear_field_alias&gt;&lt;/AlterField&gt;&lt;/workflow&gt;&lt;/operationSequence&gt;</Process><Process ToolSource="c:\program files\arcgis\pro\Resources\ArcToolbox\toolboxes\Conversion Tools.tbx\FeatureClassToFeatureClass" Date="20210716" Time="113033" Name="" export="">FeatureClassToFeatureClass DFO_MPA_2019_08_01 Z:\Data\Oceans_and_Estuaries\Management_Areas\Conservation_Areas\DFO\DFO_Marine_Protected_Areas\Final\DFO_Marine_Protected_Areas.gdb DFO_MPA_2019_08_01_1 # "NAME_E "NAME_E" true true false 254 Text 0 0,First,#,DFO_MPA_2019_08_01,NAME_E,0,254;NAME_F "NAME_F" true true false 254 Text 0 0,First,#,DFO_MPA_2019_08_01,NAME_F,0,254;ZONE_E "ZONE_E" true true false 254 Text 0 0,First,#,DFO_MPA_2019_08_01,ZONE_E,0,254;ZONE_F "ZONE_F" true true false 254 Text 0 0,First,#,DFO_MPA_2019_08_01,ZONE_F,0,254;URL_E "URL_E" true true false 254 Text 0 0,First,#,DFO_MPA_2019_08_01,URL_E,0,254;URL_F "URL_F" true true false 254 Text 0 0,First,#,DFO_MPA_2019_08_01,URL_F,0,254;REGULATION "REGULATION" true true false 254 Text 0 0,First,#,DFO_MPA_2019_08_01,REGULATION,0,254;REGLEMENT "REGLEMENT" true true false 254 Text 0 0,First,#,DFO_MPA_2019_08_01,REGLEMENT,0,254;KM2 "KM2" true true false 8 Double 0 0,First,#,DFO_MPA_2019_08_01,KM2,-1,-1;Shape_Length "Shape_Length" false true true 8 Double 0 0,First,#,DFO_MPA_2019_08_01,Shape_Length,-1,-1;Shape_Area "Shape_Area" false true true 8 Double 0 0,First,#,DFO_MPA_2019_08_01,Shape_Area,-1,-1" #</Process></lineage><itemProps><itemLocation><linkage Sync="TRUE">file://\\DFONK1AWVGID004\Oceans\Projects\Publication\MPA\DFO_MPA_MPO_ZPM_SHP\DFO_MPA_MPO_ZPM.shp</linkage><protocol Sync="TRUE">Local Area Network</protocol></itemLocation><itemName Sync="TRUE">DFO_MPA_MPO_ZPM</itemName><nativeExtBox><westBL Sync="TRUE">-2536289.898137</westBL><eastBL Sync="TRUE">2910070.985404</eastBL><southBL Sync="TRUE">77631.105202</southBL><northBL Sync="TRUE">4218705.125364</northBL><exTypeCode Sync="TRUE">1</exTypeCode></nativeExtBox><imsContentType Sync="TRUE">002</imsContentType><itemSize Sync="TRUE">0.439</itemSize></itemProps><coordRef><type Sync="TRUE">Projected</type><geogcsn Sync="TRUE">GCS_North_American_1983</geogcsn><csUnits Sync="TRUE">Linear Unit: Meter (1.000000)</csUnits><projcsn Sync="TRUE">NAD_1983_Canada_Atlas_Lambert</projcsn><peXml Sync="TRUE">&lt;ProjectedCoordinateSystem xsi:type='typens:ProjectedCoordinateSystem' xmlns:xsi='http://www.w3.org/2001/XMLSchema-instance' xmlns:xs='http://www.w3.org/2001/XMLSchema' xmlns:typens='http://www.esri.com/schemas/ArcGIS/10.7'&gt;&lt;WKT&gt;PROJCS[&amp;quot;NAD_1983_Canada_Atlas_Lambert&amp;quot;,GEOGCS[&amp;quot;GCS_North_American_1983&amp;quot;,DATUM[&amp;quot;D_North_American_1983&amp;quot;,SPHEROID[&amp;quot;GRS_1980&amp;quot;,6378137.0,298.257222101]],PRIMEM[&amp;quot;Greenwich&amp;quot;,0.0],UNIT[&amp;quot;Degree&amp;quot;,0.0174532925199433]],PROJECTION[&amp;quot;Lambert_Conformal_Conic&amp;quot;],PARAMETER[&amp;quot;False_Easting&amp;quot;,0.0],PARAMETER[&amp;quot;False_Northing&amp;quot;,0.0],PARAMETER[&amp;quot;Central_Meridian&amp;quot;,-95.0],PARAMETER[&amp;quot;Standard_Parallel_1&amp;quot;,49.0],PARAMETER[&amp;quot;Standard_Parallel_2&amp;quot;,77.0],PARAMETER[&amp;quot;Latitude_Of_Origin&amp;quot;,49.0],UNIT[&amp;quot;Meter&amp;quot;,1.0],AUTHORITY[&amp;quot;EPSG&amp;quot;,3978]]&lt;/WKT&gt;&lt;XOrigin&gt;-34655800&lt;/XOrigin&gt;&lt;YOrigin&gt;-30001600&lt;/YOrigin&gt;&lt;XYScale&gt;129952262.74881823&lt;/XYScale&gt;&lt;ZOrigin&gt;-100000&lt;/ZOrigin&gt;&lt;ZScale&gt;10000&lt;/ZScale&gt;&lt;MOrigin&gt;-100000&lt;/MOrigin&gt;&lt;MScale&gt;10000&lt;/MScale&gt;&lt;XYTolerance&gt;0.001&lt;/XYTolerance&gt;&lt;ZTolerance&gt;0.001&lt;/ZTolerance&gt;&lt;MTolerance&gt;0.001&lt;/MTolerance&gt;&lt;HighPrecision&gt;true&lt;/HighPrecision&gt;&lt;WKID&gt;3978&lt;/WKID&gt;&lt;LatestWKID&gt;3978&lt;/LatestWKID&gt;&lt;/ProjectedCoordinateSystem&gt;</peXml></coordRef></DataProperties><SyncDate>20210804</SyncDate><SyncTime>15123500</SyncTime><ModDate>20210804</ModDate><ModTime>15123500</ModTime><scaleRange><minScale>150000000</minScale><maxScale>5000</maxScale></scaleRange><ArcGISProfile>ItemDescription</ArcGISProfile></Esri><eainfo><detailed Name="DFO_MPA_MPO_ZPM"><enttyp><enttypl Sync="TRUE">DFO_MPA_MPO_ZPM</enttypl><enttypt Sync="TRUE">Feature Class</enttypt><enttypc Sync="TRUE">43</enttypc></enttyp><attr><attrlabl Sync="TRUE">FID</attrlabl><attalias Sync="TRUE">FID</attalias><attrtype Sync="TRUE">OID</attrtype><attwidth Sync="TRUE">4</attwidth><atprecis Sync="TRUE">0</atprecis><attscale Sync="TRUE">0</attscale><attrdef Sync="TRUE">Internal feature number.</attrdef><attrdefs Sync="TRUE">Esri</attrdefs><attrdomv><udom Sync="TRUE">Sequential unique whole numbers that are automatically generated.</udom></attrdomv></attr><attr><attrlabl Sync="TRUE">OBJECTID</attrlabl><attalias Sync="TRUE">OBJECTID</attalias><attrtype Sync="TRUE">Integer</attrtype><attwidth Sync="TRUE">10</attwidth><atprecis Sync="TRUE">10</atprecis><attscale Sync="TRUE">0</attscale><attrdef Sync="TRUE">Internal feature number.</attrdef><attrdefs Sync="TRUE">Esri</attrdefs><attrdomv><udom Sync="TRUE">Sequential unique whole numbers that are automatically generated.</udom></attrdomv></attr><attr><attrlabl Sync="TRUE">Shape</attrlabl><attalias Sync="TRUE">Shape</attalias><attrtype Sync="TRUE">Geometry</attrtype><attwidth Sync="TRUE">0</attwidth><atprecis Sync="TRUE">0</atprecis><attscale Sync="TRUE">0</attscale><attrdef Sync="TRUE">Feature geometry.</attrdef><attrdefs Sync="TRUE">Esri</attrdefs><attrdomv><udom Sync="TRUE">Coordinates defining the features.</udom></attrdomv></attr><attr><attrlabl Sync="TRUE">NAME_E</attrlabl><attalias Sync="TRUE">NAME_E</attalias><attrtype Sync="TRUE">String</attrtype><attwidth Sync="TRUE">254</attwidth><atprecis Sync="TRUE">0</atprecis><attscale Sync="TRUE">0</attscale></attr><attr><attrlabl Sync="TRUE">NAME_F</attrlabl><attalias Sync="TRUE">NAME_F</attalias><attrtype Sync="TRUE">String</attrtype><attwidth Sync="TRUE">254</attwidth><atprecis Sync="TRUE">0</atprecis><attscale Sync="TRUE">0</attscale></attr><attr><attrlabl Sync="TRUE">ZONE_E</attrlabl><attalias Sync="TRUE">ZONE_E</attalias><attrtype Sync="TRUE">String</attrtype><attwidth Sync="TRUE">254</attwidth><atprecis Sync="TRUE">0</atprecis><attscale Sync="TRUE">0</attscale></attr><attr><attrlabl Sync="TRUE">ZONE_F</attrlabl><attalias Sync="TRUE">ZONE_F</attalias><attrtype Sync="TRUE">String</attrtype><attwidth Sync="TRUE">254</attwidth><atprecis Sync="TRUE">0</atprecis><attscale Sync="TRUE">0</attscale></attr><attr><attrlabl Sync="TRUE">URL_E</attrlabl><attalias Sync="TRUE">URL_E</attalias><attrtype Sync="TRUE">String</attrtype><attwidth Sync="TRUE">254</attwidth><atprecis Sync="TRUE">0</atprecis><attscale Sync="TRUE">0</attscale></attr><attr><attrlabl Sync="TRUE">URL_F</attrlabl><attalias Sync="TRUE">URL_F</attalias><attrtype Sync="TRUE">String</attrtype><attwidth Sync="TRUE">254</attwidth><atprecis Sync="TRUE">0</atprecis><attscale Sync="TRUE">0</attscale></attr><attr><attrlabl Sync="TRUE">REGULATION</attrlabl><attalias Sync="TRUE">REGULATION</attalias><attrtype Sync="TRUE">String</attrtype><attwidth Sync="TRUE">254</attwidth><atprecis Sync="TRUE">0</atprecis><attscale Sync="TRUE">0</attscale></attr><attr><attrlabl Sync="TRUE">REGLEMENT</attrlabl><attalias Sync="TRUE">REGLEMENT</attalias><attrtype Sync="TRUE">String</attrtype><attwidth Sync="TRUE">254</attwidth><atprecis Sync="TRUE">0</atprecis><attscale Sync="TRUE">0</attscale></attr><attr><attrlabl Sync="TRUE">KM2</attrlabl><attalias Sync="TRUE">KM2</attalias><attrtype Sync="TRUE">Double</attrtype><attwidth Sync="TRUE">19</attwidth><atprecis Sync="TRUE">0</atprecis><attscale Sync="TRUE">0</attscale></attr><attr><attrlabl Sync="TRUE">Shape_Leng</attrlabl><attalias Sync="TRUE">Shape_Leng</attalias><attrtype Sync="TRUE">Double</attrtype><attwidth Sync="TRUE">19</attwidth><atprecis Sync="TRUE">0</atprecis><attscale Sync="TRUE">0</attscale></attr><attr><attrlabl Sync="TRUE">Shape_Area</attrlabl><attalias Sync="TRUE">Shape_Area</attalias><attrtype Sync="TRUE">Double</attrtype><attwidth Sync="TRUE">19</attwidth><atprecis Sync="TRUE">0</atprecis><attscale Sync="TRUE">0</attscale><attrdef Sync="TRUE">Area of feature in internal units squared.</attrdef><attrdefs Sync="TRUE">Esri</attrdefs><attrdomv><udom Sync="TRUE">Positive real numbers that are automatically generated.</udom></attrdomv></attr></detailed></eainfo><mdLang><languageCode value="eng"/><countryCode value="USA" Sync="TRUE"/></mdLang><mdChar><CharSetCd value="004"/></mdChar><mdHrLv><ScopeCd value="005"/></mdHrLv><mdStanName>ArcGIS Metadata</mdStanName><mdStanVer>1.0</mdStanVer><dataIdInfo><envirDesc Sync="TRUE"> Version 6.2 (Build 9200) ; Esri ArcGIS 10.7.1.11595</envirDesc><dataLang><languageCode value="eng" Sync="TRUE"/><countryCode value="USA" Sync="TRUE"/></dataLang><idCitation><resTitle Sync="FALSE">Oceans Act Marine Protected Areas (Fisheries and Oceans Canada)</resTitle><presForm><PresFormCd value="005" Sync="TRUE"/></presForm></idCitation><spatRpType><SpatRepTypCd value="001" Sync="TRUE"/></spatRpType><dataExt><geoEle xmlns=""><GeoBndBox esriExtentType="search"><exTypeCode Sync="TRUE">1</exTypeCode><westBL Sync="TRUE">-180.000000</westBL><eastBL Sync="TRUE">180.000000</eastBL><northBL Sync="TRUE">86.917729</northBL><southBL Sync="TRUE">42.181853</southBL></GeoBndBox></geoEle></dataExt><idPurp>This layer shows Canada's Ocean Act Marine Protected Areas (MPA). It also provides links to regulations and webpages with information on each MPA.

Cette couche montre les zones de protection marines (ZPM) de la Loi sur les océans du Canada. Elle fournit également des liens vers des règlements et des pages Web contenant des informations sur chaque ZPM.</idPurp><idAbs>&lt;DIV STYLE="text-align:Left;"&gt;&lt;DIV&gt;&lt;DIV&gt;&lt;P STYLE="margin:0 0 11 0;"&gt;&lt;SPAN&gt;*La version française suit*&lt;/SPAN&gt;&lt;/P&gt;&lt;P&gt;&lt;SPAN&gt;Marine protected areas (MPAs) are one among a number of spatial management tools, and are defined as areas that are established for the long-term, and managed through legal or other effective means, to achieve the long-term conservation of nature with associated ecosystem services and cultural values.&lt;/SPAN&gt;&lt;SPAN /&gt;&lt;/P&gt;&lt;P&gt;&lt;SPAN&gt;Currently, Fisheries and Oceans Canada has a number of MPAs designated under the &lt;/SPAN&gt;&lt;SPAN STYLE="font-style:italic;"&gt;Oceans Act &lt;/SPAN&gt;&lt;SPAN&gt;and Areas of Interest for new MPAs at various stages of progress towards designation. These areas are ecologically significant, with species and/or features that require special management consideration.&lt;/SPAN&gt;&lt;SPAN&gt;  &lt;/SPAN&gt;&lt;/P&gt;&lt;P&gt;&lt;SPAN&gt;An &lt;/SPAN&gt;&lt;SPAN STYLE="font-style:italic;"&gt;Oceans Act &lt;/SPAN&gt;&lt;SPAN&gt;MPA can be established for any of the six conservation purposes outlined in the Act:&lt;/SPAN&gt;&lt;SPAN /&gt;&lt;/P&gt;&lt;UL STYLE="margin:0 0 0 0;padding:0 0 0 0;"&gt;&lt;LI&gt;&lt;P STYLE="margin:0 0 0 0;"&gt;&lt;SPAN&gt;The conservation and protection of commercial and non-commercial fishery resources, including marine mammals, and their habitats;  &lt;/SPAN&gt;&lt;/P&gt;&lt;/LI&gt;&lt;LI&gt;&lt;P STYLE="margin:0 0 0 0;"&gt;&lt;SPAN&gt;The conservation and protection of endangered or threatened marine species, and their habitats;  &lt;/SPAN&gt;&lt;/P&gt;&lt;/LI&gt;&lt;LI&gt;&lt;P STYLE="margin:0 0 0 0;"&gt;&lt;SPAN&gt;The conservation and protection of unique habitats;  &lt;/SPAN&gt;&lt;/P&gt;&lt;/LI&gt;&lt;LI&gt;&lt;P STYLE="margin:0 0 0 0;"&gt;&lt;SPAN&gt;The conservation and protection of marine areas of high biodiversity or biological productivity; &lt;/SPAN&gt;&lt;/P&gt;&lt;/LI&gt;&lt;LI&gt;&lt;P STYLE="margin:0 0 0 0;"&gt;&lt;SPAN&gt;The conservation and protection of any other marine resource or habitat as is necessary to fulfill the mandate of the Minister; and&lt;/SPAN&gt;&lt;/P&gt;&lt;/LI&gt;&lt;LI&gt;&lt;P STYLE="margin:0 0 0 0;"&gt;&lt;SPAN&gt;The conservation and protection of marine areas for the purposes of maintaining ecological integrity &lt;/SPAN&gt;&lt;/P&gt;&lt;/LI&gt;&lt;LI&gt;&lt;P STYLE="margin:0 0 0 0;"&gt;&lt;SPAN /&gt;&lt;/P&gt;&lt;/LI&gt;&lt;LI&gt;&lt;P STYLE="margin:0 0 0 0;"&gt;&lt;SPAN&gt;The boundaries and attributes in this dataset are intended to provide a visual representation of the area and are for information purposes only, and &lt;/SPAN&gt;&lt;SPAN STYLE="font-style:italic;"&gt;should not be considered legally authoritative&lt;/SPAN&gt;&lt;SPAN&gt;. Please refer to the legal regulations for official coordinates and information about &lt;/SPAN&gt;&lt;SPAN STYLE="font-style:italic;"&gt;Ocean Act&lt;/SPAN&gt;&lt;SPAN&gt;Marine Protected Areas.  &lt;/SPAN&gt;&lt;/P&gt;&lt;/LI&gt;&lt;/UL&gt;&lt;P&gt;&lt;SPAN STYLE="font-size:10pt"&gt;-------------------------&lt;/SPAN&gt;&lt;/P&gt;&lt;P&gt;&lt;SPAN&gt;Les zones de protection marines (ZPM) sont un outil de gestion spatiale parmi bien d’autres, et sont définies comme des zones établies à long terme et gérées par tous moyens efficaces, juridiques ou autres, afin d’assurer à long terme la conservation de la nature ainsi que les services écosystémiques et les valeurs culturelles qui lui sont associés.&lt;/SPAN&gt;&lt;/P&gt;&lt;P&gt;&lt;SPAN&gt;À l’heure actuelle, Pêches et Océans Canada compte un certain nombre de ZPM désignées en vertu de la &lt;/SPAN&gt;&lt;SPAN STYLE="font-style:italic;"&gt;Loi sur les océans&lt;/SPAN&gt;&lt;SPAN&gt;, ainsi que des zones d’intérêt pour de nouvelles ZPM qui en sont à diverses étapes du processus de désignation. Ces zones sont importantes sur le plan écologique, et abritent des espèces ou ont des caractéristiques qui nécessitent une gestion particulière. &lt;/SPAN&gt;&lt;/P&gt;&lt;P&gt;&lt;SPAN&gt;En vertu de la &lt;/SPAN&gt;&lt;SPAN STYLE="font-style:italic;"&gt;Loi sur les océans&lt;/SPAN&gt;&lt;SPAN&gt;, une ZPM peut être établie pour l’un des six objectifs de conservation énoncés dans la &lt;/SPAN&gt;&lt;SPAN STYLE="font-style:italic;"&gt;Loi&lt;/SPAN&gt;&lt;SPAN&gt; :&lt;/SPAN&gt;&lt;/P&gt;&lt;UL STYLE="margin:0 0 0 0;padding:0 0 0 0;"&gt;&lt;LI&gt;&lt;P STYLE="margin:0 0 0 0;"&gt;&lt;SPAN&gt;la conservation et la protection des ressources halieutiques, commerciales ou autres, y compris les mammifères marins, et de leur habitat; &lt;/SPAN&gt;&lt;/P&gt;&lt;/LI&gt;&lt;LI&gt;&lt;P STYLE="margin:0 0 0 0;"&gt;&lt;SPAN&gt;la conservation et la protection des espèces en voie de disparition et des espèces menacées, et de leur habitat; &lt;/SPAN&gt;&lt;/P&gt;&lt;/LI&gt;&lt;LI&gt;&lt;P STYLE="margin:0 0 0 0;"&gt;&lt;SPAN&gt;la conservation et la protection d’habitats uniques; &lt;/SPAN&gt;&lt;/P&gt;&lt;/LI&gt;&lt;LI&gt;&lt;P STYLE="margin:0 0 0 0;"&gt;&lt;SPAN&gt;la conservation et la protection d’espaces marins riches en biodiversité ou en productivité biologique; &lt;/SPAN&gt;&lt;/P&gt;&lt;/LI&gt;&lt;/UL&gt;&lt;UL STYLE="margin:0 0 0 0;padding:0 0 0 0;"&gt;&lt;LI&gt;&lt;P STYLE="margin:0 0 0 0;"&gt;&lt;SPAN&gt;la conservation et la protection d’autres ressources ou habitats marins, pour la réalisation du mandat du ministre;&lt;/SPAN&gt;&lt;/P&gt;&lt;/LI&gt;&lt;LI&gt;&lt;P STYLE="margin:0 0 0 0;"&gt;&lt;SPAN&gt;la conservation et la protection d’espaces marins en vue du maintien de l’intégrité écologique.&lt;/SPAN&gt;&lt;/P&gt;&lt;/LI&gt;&lt;/UL&gt;&lt;P&gt;&lt;SPAN&gt;Les limites et les attributs contenus dans cet ensemble de données visent à fournir une représentation visuelle de la zone et sont fournis à titre indicatif seulement. Ils ne devraient pas être considérés comme des éléments ayant force de loi. Pour obtenir les coordonnées officielles et des informations sur les zones de protection marine de la &lt;/SPAN&gt;&lt;SPAN STYLE="font-style:italic;"&gt;Loi sur les océans&lt;/SPAN&gt;&lt;SPAN&gt;, reportez-vous aux règlements juridiques. &lt;/SPAN&gt;&lt;/P&gt;&lt;P STYLE="margin:0 0 11 0;"&gt;&lt;SPAN /&gt;&lt;/P&gt;&lt;/DIV&gt;&lt;/DIV&gt;&lt;/DIV&gt;</idAbs><idCredit>Marine Planning and Conservation Directorate, Fisheries and Oceans Canada

Direction de la planification et de la conservation marines, Pêches et Océans Canada</idCredit><searchKeys><keyword>Arctic Ocean</keyword><keyword>Océan Arctique</keyword><keyword>Atlantic Ocean</keyword><keyword>Océan Atlantique</keyword><keyword>Pacific Ocean</keyword><keyword>Océan Pacifique</keyword><keyword>Marine Protected Area</keyword><keyword>Zone de protection marine</keyword><keyword>Oceans Act</keyword><keyword>Loi sur les océans</keyword><keyword>Marine Conservation Area</keyword><keyword>Aire de conservation marine</keyword><keyword>Conservation</keyword></searchKeys></dataIdInfo><distInfo><distFormat><formatName Sync="TRUE">Shapefile</formatName></distFormat><distTranOps><transSize Sync="TRUE">0.439</transSize></distTranOps></distInfo><mdHrLvName Sync="TRUE">dataset</mdHrLvName><refSysInfo><RefSystem><refSysID><identCode code="3978" Sync="TRUE"/><idCodeSpace Sync="TRUE">EPSG</idCodeSpace><idVersion Sync="TRUE">7.1(10.0.0)</idVersion></refSysID></RefSystem></refSysInfo><spatRepInfo><VectSpatRep><geometObjs Name="DFO_MPA_MPO_ZPM"><geoObjTyp><GeoObjTypCd value="002" Sync="TRUE"></GeoObjTypCd></geoObjTyp><geoObjCnt Sync="TRUE">43</geoObjCnt></geometObjs><topLvl><TopoLevCd value="001" Sync="TRUE"></TopoLevCd></topLvl></VectSpatRep></spatRepInfo><spdoinfo><ptvctinf><esriterm Name="DFO_MPA_MPO_ZPM"><efeatyp Sync="TRUE">Simple</efeatyp><efeageom code="4" Sync="TRUE"></efeageom><esritopo Sync="TRUE">FALSE</esritopo><efeacnt Sync="TRUE">43</efeacnt><spindex Sync="TRUE">TRUE</spindex><linrefer Sync="TRUE">FALSE</linrefer></esriterm></ptvctinf></spdoinfo><mdDateSt Sync="TRUE">20210804</mdDateSt></metadata>
