date,Bottom Temperature (oC) 
2016-01-01,NaN
2016-01-02,NaN
2016-01-03,NaN
2016-01-04,NaN
2016-01-05,NaN
2016-01-06,3.80
2016-01-07,3.75
2016-01-08,3.69
2016-01-09,3.63
2016-01-10,3.59
2016-01-11,3.57
2016-01-12,3.61
2016-01-13,3.73
2016-01-14,3.76
2016-01-15,3.80
2016-01-16,3.69
2016-01-17,3.58
2016-01-18,3.48
2016-01-19,3.46
2016-01-20,3.47
2016-01-21,3.43
2016-01-22,3.25
2016-01-23,3.08
2016-01-24,2.99
2016-01-25,2.97
2016-01-26,2.97
2016-01-27,2.98
2016-01-28,3.07
2016-01-29,3.15
2016-01-30,3.17
2016-01-31,3.23
2016-02-01,3.26
2016-02-02,3.32
2016-02-03,3.40
2016-02-04,3.36
2016-02-05,3.31
2016-02-06,3.30
2016-02-07,3.31
2016-02-08,3.23
2016-02-09,3.16
2016-02-10,3.04
2016-02-11,3.08
2016-02-12,3.06
2016-02-13,3.04
2016-02-14,3.01
2016-02-15,2.96
2016-02-16,2.89
2016-02-17,2.80
2016-02-18,2.84
2016-02-19,2.92
2016-02-20,2.98
2016-02-21,2.99
2016-02-22,3.03
2016-02-23,3.10
2016-02-24,3.05
2016-02-25,3.01
2016-02-26,3.07
2016-02-27,3.19
2016-02-28,3.28
2016-02-29,3.28
2016-03-01,3.24
2016-03-02,3.26
2016-03-03,3.21
2016-03-04,3.27
2016-03-05,3.18
2016-03-06,2.99
2016-03-07,2.76
2016-03-08,2.73
2016-03-09,2.78
2016-03-10,2.69
2016-03-11,2.69
2016-03-12,2.68
2016-03-13,2.66
2016-03-14,2.69
2016-03-15,2.65
2016-03-16,2.68
2016-03-17,2.73
2016-03-18,2.81
2016-03-19,2.89
2016-03-20,2.96
2016-03-21,2.92
2016-03-22,2.82
2016-03-23,2.87
2016-03-24,2.70
2016-03-25,2.56
2016-03-26,2.44
2016-03-27,2.46
2016-03-28,2.50
2016-03-29,2.56
2016-03-30,2.68
2016-03-31,2.75
2016-04-01,2.77
2016-04-02,2.81
2016-04-03,2.89
2016-04-04,2.94
2016-04-05,2.96
2016-04-06,2.72
2016-04-07,2.54
2016-04-08,2.36
2016-04-09,2.41
2016-04-10,2.63
2016-04-11,2.82
2016-04-12,2.90
2016-04-13,2.87
2016-04-14,2.90
2016-04-15,2.95
2016-04-16,3.01
2016-04-17,3.01
2016-04-18,3.04
2016-04-19,3.10
2016-04-20,3.16
2016-04-21,3.22
2016-04-22,3.19
2016-04-23,3.16
2016-04-24,3.23
2016-04-25,3.32
2016-04-26,3.32
2016-04-27,3.29
2016-04-28,3.24
2016-04-29,3.24
2016-04-30,3.19
2016-05-01,3.17
2016-05-02,3.18
2016-05-03,3.20
2016-05-04,3.27
2016-05-05,3.36
2016-05-06,3.45
2016-05-07,3.54
2016-05-08,3.62
2016-05-09,3.67
2016-05-10,3.73
2016-05-11,3.80
2016-05-12,3.82
2016-05-13,3.80
2016-05-14,3.74
2016-05-15,3.71
2016-05-16,3.73
2016-05-17,3.80
2016-05-18,3.88
2016-05-19,3.91
2016-05-20,3.89
2016-05-21,3.90
2016-05-22,3.93
2016-05-23,3.98
2016-05-24,3.99
2016-05-25,3.98
2016-05-26,4.00
2016-05-27,4.03
2016-05-28,4.05
2016-05-29,4.07
2016-05-30,4.08
2016-05-31,4.10
2016-06-01,4.16
2016-06-02,4.21
2016-06-03,4.19
2016-06-04,4.15
2016-06-05,4.16
2016-06-06,4.20
2016-06-07,4.23
2016-06-08,4.25
2016-06-09,4.32
2016-06-10,4.40
2016-06-11,4.45
2016-06-12,4.43
2016-06-13,4.38
2016-06-14,4.38
2016-06-15,4.41
2016-06-16,4.41
2016-06-17,4.31
2016-06-18,4.19
2016-06-19,4.13
2016-06-20,4.17
2016-06-21,4.20
2016-06-22,4.17
2016-06-23,4.19
2016-06-24,4.20
2016-06-25,4.17
2016-06-26,4.10
2016-06-27,4.02
2016-06-28,3.95
2016-06-29,3.93
2016-06-30,3.91
2016-07-01,3.89
2016-07-02,3.89
2016-07-03,3.89
2016-07-04,3.92
2016-07-05,3.96
2016-07-06,3.98
2016-07-07,3.99
2016-07-08,3.98
2016-07-09,3.97
2016-07-10,4.00
2016-07-11,4.04
2016-07-12,4.08
2016-07-13,4.16
2016-07-14,4.19
2016-07-15,4.16
2016-07-16,4.15
2016-07-17,4.19
2016-07-18,4.18
2016-07-19,4.14
2016-07-20,4.11
2016-07-21,4.09
2016-07-22,4.07
2016-07-23,4.04
2016-07-24,4.03
2016-07-25,4.06
2016-07-26,4.08
2016-07-27,4.08
2016-07-28,4.08
2016-07-29,4.09
2016-07-30,4.09
2016-07-31,4.11
2016-08-01,4.13
2016-08-02,4.14
2016-08-03,4.15
2016-08-04,4.16
2016-08-05,4.18
2016-08-06,4.21
2016-08-07,4.23
2016-08-08,4.23
2016-08-09,4.24
2016-08-10,4.27
2016-08-11,4.29
2016-08-12,4.30
2016-08-13,4.33
2016-08-14,4.40
2016-08-15,4.40
2016-08-16,4.41
2016-08-17,4.43
2016-08-18,4.44
2016-08-19,4.44
2016-08-20,4.44
2016-08-21,4.47
2016-08-22,4.49
2016-08-23,4.49
2016-08-24,4.50
2016-08-25,4.52
2016-08-26,4.48
2016-08-27,4.45
2016-08-28,4.51
2016-08-29,4.60
2016-08-30,4.62
2016-08-31,4.66
2016-09-01,4.64
2016-09-02,4.59
2016-09-03,4.58
2016-09-04,4.65
2016-09-05,4.71
2016-09-06,4.70
2016-09-07,4.65
2016-09-08,4.58
2016-09-09,4.54
2016-09-10,4.50
2016-09-11,4.52
2016-09-12,4.53
2016-09-13,4.53
2016-09-14,4.65
2016-09-15,4.61
2016-09-16,4.69
2016-09-17,4.94
2016-09-18,5.02
2016-09-19,5.12
2016-09-20,5.09
2016-09-21,4.96
2016-09-22,4.93
2016-09-23,4.91
2016-09-24,4.84
2016-09-25,4.76
2016-09-26,4.67
2016-09-27,4.74
2016-09-28,4.75
2016-09-29,4.87
2016-09-30,4.90
2016-10-01,4.92
2016-10-02,4.86
2016-10-03,4.78
2016-10-04,4.79
2016-10-05,4.82
2016-10-06,4.77
2016-10-07,4.80
2016-10-08,4.93
2016-10-09,5.00
2016-10-10,4.95
2016-10-11,4.92
2016-10-12,5.32
2016-10-13,5.29
2016-10-14,4.90
2016-10-15,4.83
2016-10-16,4.96
2016-10-17,4.89
2016-10-18,4.79
2016-10-19,4.88
2016-10-20,4.79
2016-10-21,4.71
2016-10-22,4.64
2016-10-23,4.49
2016-10-24,4.44
2016-10-25,4.47
2016-10-26,4.48
2016-10-27,4.49
2016-10-28,4.61
2016-10-29,4.81
2016-10-30,4.91
2016-10-31,4.87
2016-11-01,4.93
2016-11-02,4.98
2016-11-03,4.98
2016-11-04,5.03
2016-11-05,5.07
2016-11-06,5.06
2016-11-07,5.08
2016-11-08,4.97
2016-11-09,5.00
2016-11-10,5.02
2016-11-11,5.07
2016-11-12,5.00
2016-11-13,4.98
2016-11-14,5.04
2016-11-15,5.19
2016-11-16,5.29
2016-11-17,5.30
2016-11-18,5.22
2016-11-19,5.25
2016-11-20,5.31
2016-11-21,5.24
2016-11-22,5.18
2016-11-23,5.19
2016-11-24,5.21
2016-11-25,5.27
2016-11-26,5.37
2016-11-27,5.29
2016-11-28,5.31
2016-11-29,5.15
2016-11-30,5.22
2016-12-01,5.00
2016-12-02,4.77
2016-12-03,4.75
2016-12-04,4.82
2016-12-05,5.00
2016-12-06,5.03
2016-12-07,4.93
2016-12-08,4.87
2016-12-09,4.97
2016-12-10,4.95
2016-12-11,4.80
2016-12-12,4.66
2016-12-13,4.81
2016-12-14,4.83
2016-12-15,4.79
2016-12-16,4.82
2016-12-17,4.83
2016-12-18,4.92
2016-12-19,4.79
2016-12-20,4.50
2016-12-21,4.38
2016-12-22,4.39
2016-12-23,4.41
2016-12-24,4.38
2016-12-25,4.38
2016-12-26,4.32
2016-12-27,4.15
2016-12-28,4.07
2016-12-29,3.97
2016-12-30,3.94
2016-12-31,4.02
2017-01-01,4.13
2017-01-02,4.14
2017-01-03,4.16
2017-01-04,4.01
2017-01-05,3.92
2017-01-06,4.01
2017-01-07,4.06
2017-01-08,3.99
2017-01-09,3.93
2017-01-10,3.84
2017-01-11,3.73
2017-01-12,3.69
2017-01-13,3.74
2017-01-14,3.81
2017-01-15,3.72
2017-01-16,3.51
2017-01-17,3.40
2017-01-18,3.35
2017-01-19,3.15
2017-01-20,3.11
2017-01-21,3.12
2017-01-22,3.18
2017-01-23,3.30
2017-01-24,3.39
2017-01-25,3.40
2017-01-26,3.41
2017-01-27,3.60
2017-01-28,3.78
2017-01-29,3.77
2017-01-30,3.54
2017-01-31,3.33
2017-02-01,3.22
2017-02-02,3.16
2017-02-03,3.13
2017-02-04,3.14
2017-02-05,3.06
2017-02-06,2.90
2017-02-07,2.81
2017-02-08,2.59
2017-02-09,2.44
2017-02-10,2.57
2017-02-11,2.70
2017-02-12,2.70
2017-02-13,2.64
2017-02-14,2.60
2017-02-15,2.67
2017-02-16,2.80
2017-02-17,2.91
2017-02-18,3.09
2017-02-19,3.05
2017-02-20,2.98
2017-02-21,3.05
2017-02-22,3.09
2017-02-23,3.11
2017-02-24,3.10
2017-02-25,3.07
2017-02-26,3.04
2017-02-27,3.06
2017-02-28,3.08
2017-03-01,3.02
2017-03-02,2.91
2017-03-03,2.95
2017-03-04,2.97
2017-03-05,2.74
2017-03-06,2.43
2017-03-07,2.03
2017-03-08,2.00
2017-03-09,2.03
2017-03-10,2.16
2017-03-11,2.24
2017-03-12,2.20
2017-03-13,2.00
2017-03-14,1.86
2017-03-15,1.81
2017-03-16,1.90
2017-03-17,2.07
2017-03-18,2.20
2017-03-19,2.24
2017-03-20,2.22
2017-03-21,2.22
2017-03-22,2.32
2017-03-23,2.35
2017-03-24,2.42
2017-03-25,2.26
2017-03-26,2.27
2017-03-27,2.26
2017-03-28,2.16
2017-03-29,2.14
2017-03-30,2.15
2017-03-31,2.18
2017-04-01,2.08
2017-04-02,2.03
2017-04-03,2.08
2017-04-04,2.07
2017-04-05,2.02
2017-04-06,2.08
2017-04-07,2.12
2017-04-08,2.21
2017-04-09,2.39
2017-04-10,2.50
2017-04-11,2.55
2017-04-12,2.57
2017-04-13,2.60
2017-04-14,2.62
2017-04-15,2.58
2017-04-16,2.52
2017-04-17,2.48
2017-04-18,2.48
2017-04-19,2.45
2017-04-20,2.42
2017-04-21,2.44
2017-04-22,2.48
2017-04-23,2.51
2017-04-24,2.52
2017-04-25,2.52
2017-04-26,2.51
2017-04-27,2.49
2017-04-28,2.51
2017-04-29,2.51
2017-04-30,2.48
2017-05-01,2.47
2017-05-02,2.42
2017-05-03,2.42
2017-05-04,2.52
2017-05-05,2.60
2017-05-06,2.57
2017-05-07,2.49
2017-05-08,2.50
2017-05-09,2.62
2017-05-10,2.80
2017-05-11,2.92
2017-05-12,3.00
2017-05-13,2.99
2017-05-14,2.95
2017-05-15,2.93
2017-05-16,2.93
2017-05-17,2.99
2017-05-18,2.97
2017-05-19,2.84
2017-05-20,2.73
2017-05-21,2.69
2017-05-22,2.57
2017-05-23,2.52
2017-05-24,2.56
2017-05-25,2.69
2017-05-26,2.80
2017-05-27,2.83
2017-05-28,2.83
2017-05-29,2.81
2017-05-30,2.84
2017-05-31,2.87
2017-06-01,2.90
2017-06-02,2.92
2017-06-03,2.94
2017-06-04,2.93
2017-06-05,2.90
2017-06-06,2.87
2017-06-07,2.87
2017-06-08,2.90
2017-06-09,2.94
2017-06-10,2.99
2017-06-11,3.06
2017-06-12,3.13
2017-06-13,3.12
2017-06-14,3.13
2017-06-15,3.15
2017-06-16,3.21
2017-06-17,3.22
2017-06-18,3.21
2017-06-19,3.21
2017-06-20,3.25
2017-06-21,3.27
2017-06-22,3.25
2017-06-23,3.22
2017-06-24,3.21
2017-06-25,3.20
2017-06-26,3.23
2017-06-27,3.29
2017-06-28,3.30
2017-06-29,3.31
2017-06-30,3.34
2017-07-01,3.38
2017-07-02,3.38
2017-07-03,3.37
2017-07-04,3.38
2017-07-05,3.39
2017-07-06,3.38
2017-07-07,3.35
2017-07-08,3.38
2017-07-09,3.44
2017-07-10,3.50
2017-07-11,3.56
2017-07-12,3.62
2017-07-13,3.69
2017-07-14,3.77
2017-07-15,3.83
2017-07-16,3.88
2017-07-17,3.90
2017-07-18,3.88
2017-07-19,3.83
2017-07-20,3.75
2017-07-21,3.65
2017-07-22,3.58
2017-07-23,3.54
2017-07-24,3.55
2017-07-25,3.53
2017-07-26,3.54
2017-07-27,3.61
2017-07-28,3.68
2017-07-29,3.67
2017-07-30,3.65
2017-07-31,3.64
2017-08-01,3.67
2017-08-02,3.72
2017-08-03,3.73
2017-08-04,3.70
2017-08-05,3.66
2017-08-06,3.64
2017-08-07,3.61
2017-08-08,3.56
2017-08-09,3.58
2017-08-10,3.56
2017-08-11,3.54
2017-08-12,3.59
2017-08-13,3.63
2017-08-14,3.64
2017-08-15,3.63
2017-08-16,3.62
2017-08-17,3.60
2017-08-18,3.64
2017-08-19,3.73
2017-08-20,3.71
2017-08-21,3.67
2017-08-22,3.69
2017-08-23,3.70
2017-08-24,3.66
2017-08-25,3.62
2017-08-26,3.63
2017-08-27,3.63
2017-08-28,3.65
2017-08-29,3.69
2017-08-30,3.67
2017-08-31,3.64
2017-09-01,3.60
2017-09-02,3.57
2017-09-03,3.57
2017-09-04,3.60
2017-09-05,3.60
2017-09-06,3.70
2017-09-07,3.75
2017-09-08,3.75
2017-09-09,3.76
2017-09-10,3.84
2017-09-11,3.90
2017-09-12,3.98
2017-09-13,4.16
2017-09-14,4.15
2017-09-15,4.05
2017-09-16,3.93
2017-09-17,3.79
2017-09-18,3.79
2017-09-19,3.82
2017-09-20,3.84
2017-09-21,3.85
2017-09-22,3.86
2017-09-23,3.82
2017-09-24,3.76
2017-09-25,3.70
2017-09-26,3.63
2017-09-27,3.61
2017-09-28,3.61
2017-09-29,3.61
2017-09-30,3.63
2017-10-01,3.73
2017-10-02,3.77
2017-10-03,3.89
2017-10-04,4.12
2017-10-05,4.12
2017-10-06,4.08
2017-10-07,3.97
2017-10-08,3.98
2017-10-09,4.08
2017-10-10,4.07
2017-10-11,4.02
2017-10-12,4.08
2017-10-13,4.32
2017-10-14,4.42
2017-10-15,4.36
2017-10-16,4.41
2017-10-17,4.33
2017-10-18,4.32
2017-10-19,4.42
2017-10-20,4.47
2017-10-21,4.40
2017-10-22,4.39
2017-10-23,4.61
2017-10-24,4.55
2017-10-25,4.58
2017-10-26,4.66
2017-10-27,4.47
2017-10-28,4.25
2017-10-29,4.08
2017-10-30,4.09
2017-10-31,3.99
2017-11-01,3.92
2017-11-02,3.94
2017-11-03,3.94
2017-11-04,3.90
2017-11-05,3.99
2017-11-06,4.22
2017-11-07,4.19
2017-11-08,4.34
2017-11-09,4.60
2017-11-10,4.56
2017-11-11,4.47
2017-11-12,4.45
2017-11-13,4.54
2017-11-14,4.25
2017-11-15,4.22
2017-11-16,4.31
2017-11-17,4.39
2017-11-18,4.41
2017-11-19,4.28
2017-11-20,4.35
2017-11-21,4.29
2017-11-22,4.23
2017-11-23,4.27
2017-11-24,4.23
2017-11-25,4.44
2017-11-26,4.44
2017-11-27,4.45
2017-11-28,4.62
2017-11-29,4.79
2017-11-30,4.73
2017-12-01,4.63
2017-12-02,4.71
2017-12-03,4.64
2017-12-04,4.60
2017-12-05,4.72
2017-12-06,4.74
2017-12-07,4.59
2017-12-08,4.50
2017-12-09,4.43
2017-12-10,4.30
2017-12-11,4.19
2017-12-12,4.18
2017-12-13,4.23
2017-12-14,4.20
2017-12-15,4.09
2017-12-16,4.17
2017-12-17,4.17
2017-12-18,4.12
2017-12-19,4.24
2017-12-20,4.24
2017-12-21,4.24
2017-12-22,4.28
2017-12-23,4.27
2017-12-24,4.23
2017-12-25,4.22
2017-12-26,4.17
2017-12-27,4.12
2017-12-28,4.08
2017-12-29,3.91
2017-12-30,3.73
2017-12-31,3.69
2018-01-01,3.69
2018-01-02,3.68
2018-01-03,3.63
2018-01-04,3.62
2018-01-05,3.60
2018-01-06,3.72
2018-01-07,3.91
2018-01-08,3.87
2018-01-09,3.61
2018-01-10,3.48
2018-01-11,3.41
2018-01-12,3.27
2018-01-13,3.33
2018-01-14,3.42
2018-01-15,3.49
2018-01-16,3.46
2018-01-17,3.45
2018-01-18,3.44
2018-01-19,3.49
2018-01-20,3.52
2018-01-21,3.50
2018-01-22,3.50
2018-01-23,3.34
2018-01-24,3.18
2018-01-25,3.22
2018-01-26,3.36
2018-01-27,3.28
2018-01-28,3.03
2018-01-29,3.03
2018-01-30,3.04
2018-01-31,3.00
2018-02-01,3.09
2018-02-02,2.93
2018-02-03,2.93
2018-02-04,2.96
2018-02-05,2.85
2018-02-06,2.98
2018-02-07,3.09
2018-02-08,3.03
2018-02-09,3.05
2018-02-10,3.02
2018-02-11,2.99
2018-02-12,3.01
2018-02-13,3.05
2018-02-14,3.00
2018-02-15,2.86
2018-02-16,2.88
2018-02-17,2.92
2018-02-18,2.89
2018-02-19,2.71
2018-02-20,2.71
2018-02-21,2.75
2018-02-22,2.79
2018-02-23,2.80
2018-02-24,2.57
2018-02-25,2.54
2018-02-26,2.47
2018-02-27,2.45
2018-02-28,2.63
2018-03-01,2.65
2018-03-02,2.69
2018-03-03,2.72
2018-03-04,2.78
2018-03-05,2.83
2018-03-06,2.86
2018-03-07,2.81
2018-03-08,2.78
2018-03-09,2.84
2018-03-10,3.02
2018-03-11,3.28
2018-03-12,3.43
2018-03-13,3.48
2018-03-14,3.45
2018-03-15,3.54
2018-03-16,3.74
2018-03-17,3.97
2018-03-18,4.03
2018-03-19,3.97
2018-03-20,3.81
2018-03-21,3.67
2018-03-22,3.45
2018-03-23,3.27
2018-03-24,3.32
2018-03-25,3.24
2018-03-26,3.07
2018-03-27,2.94
2018-03-28,2.90
2018-03-29,2.90
2018-03-30,2.93
2018-03-31,2.85
2018-04-01,2.89
2018-04-02,2.85
2018-04-03,2.82
2018-04-04,2.71
2018-04-05,2.64
2018-04-06,2.67
2018-04-07,2.66
2018-04-08,2.55
2018-04-09,2.51
2018-04-10,2.51
2018-04-11,2.34
2018-04-12,2.18
2018-04-13,2.12
2018-04-14,2.17
2018-04-15,2.28
2018-04-16,2.11
2018-04-17,1.80
2018-04-18,1.75
2018-04-19,1.86
2018-04-20,2.05
2018-04-21,2.21
2018-04-22,2.32
2018-04-23,2.36
2018-04-24,2.37
2018-04-25,2.37
2018-04-26,2.42
2018-04-27,2.43
2018-04-28,2.48
2018-04-29,2.53
2018-04-30,2.56
2018-05-01,2.56
2018-05-02,2.55
2018-05-03,2.57
2018-05-04,2.61
2018-05-05,2.65
2018-05-06,2.70
2018-05-07,2.75
2018-05-08,2.76
2018-05-09,2.72
2018-05-10,2.71
2018-05-11,2.71
2018-05-12,2.75
2018-05-13,2.75
2018-05-14,2.72
2018-05-15,2.68
2018-05-16,2.67
2018-05-17,2.69
2018-05-18,2.71
2018-05-19,2.74
2018-05-20,2.79
2018-05-21,2.83
2018-05-22,2.89
2018-05-23,2.94
2018-05-24,2.94
2018-05-25,2.94
2018-05-26,2.96
2018-05-27,3.00
2018-05-28,3.07
2018-05-29,3.10
2018-05-30,3.16
2018-05-31,3.22
2018-06-01,3.27
2018-06-02,3.29
2018-06-03,3.35
2018-06-04,3.46
2018-06-05,3.55
2018-06-06,3.52
2018-06-07,3.53
2018-06-08,3.56
2018-06-09,3.57
2018-06-10,3.59
2018-06-11,3.60
2018-06-12,3.57
2018-06-13,3.52
2018-06-14,3.49
2018-06-15,3.52
2018-06-16,3.51
2018-06-17,3.50
2018-06-18,3.52
2018-06-19,3.52
2018-06-20,3.54
2018-06-21,3.60
2018-06-22,3.60
2018-06-23,3.57
2018-06-24,3.53
2018-06-25,3.52
2018-06-26,3.51
2018-06-27,3.52
2018-06-28,3.58
2018-06-29,3.59
2018-06-30,3.60
2018-07-01,3.58
2018-07-02,3.58
2018-07-03,3.55
2018-07-04,3.53
2018-07-05,3.52
2018-07-06,3.50
2018-07-07,3.47
2018-07-08,3.47
2018-07-09,3.44
2018-07-10,3.39
2018-07-11,3.38
2018-07-12,3.44
2018-07-13,3.52
2018-07-14,3.61
2018-07-15,3.64
2018-07-16,3.69
2018-07-17,3.73
2018-07-18,3.76
2018-07-19,3.75
2018-07-20,3.76
2018-07-21,3.74
2018-07-22,3.69
2018-07-23,3.64
2018-07-24,3.63
2018-07-25,3.64
2018-07-26,3.63
2018-07-27,3.64
2018-07-28,3.67
2018-07-29,3.70
2018-07-30,3.72
2018-07-31,3.74
2018-08-01,3.77
2018-08-02,3.78
2018-08-03,3.79
2018-08-04,3.79
2018-08-05,3.78
2018-08-06,3.75
2018-08-07,3.74
2018-08-08,3.74
2018-08-09,3.74
2018-08-10,3.76
2018-08-11,3.74
2018-08-12,3.77
2018-08-13,3.78
2018-08-14,3.78
2018-08-15,3.81
2018-08-16,3.83
2018-08-17,3.84
2018-08-18,3.85
2018-08-19,3.86
2018-08-20,3.85
2018-08-21,3.84
2018-08-22,3.83
2018-08-23,3.79
2018-08-24,3.75
2018-08-25,3.74
2018-08-26,3.73
2018-08-27,3.69
2018-08-28,3.67
2018-08-29,3.69
2018-08-30,3.72
2018-08-31,3.74
2018-09-01,3.78
2018-09-02,3.76
2018-09-03,3.73
2018-09-04,3.71
2018-09-05,3.69
2018-09-06,3.69
2018-09-07,3.69
2018-09-08,3.75
2018-09-09,3.78
2018-09-10,3.84
2018-09-11,3.86
2018-09-12,3.83
2018-09-13,3.81
2018-09-14,3.82
2018-09-15,3.79
2018-09-16,3.76
2018-09-17,3.79
2018-09-18,3.79
2018-09-19,3.81
2018-09-20,3.82
2018-09-21,3.81
2018-09-22,3.88
2018-09-23,3.86
2018-09-24,3.89
2018-09-25,3.85
2018-09-26,3.89
2018-09-27,3.86
2018-09-28,3.90
2018-09-29,3.96
2018-09-30,3.91
2018-10-01,3.97
2018-10-02,4.00
2018-10-03,4.05
2018-10-04,4.03
2018-10-05,3.96
2018-10-06,3.96
2018-10-07,4.05
2018-10-08,4.03
2018-10-09,4.02
2018-10-10,4.05
2018-10-11,4.04
2018-10-12,4.07
2018-10-13,4.03
2018-10-14,4.00
2018-10-15,4.13
2018-10-16,4.19
2018-10-17,4.07
2018-10-18,4.46
2018-10-19,4.56
2018-10-20,4.90
2018-10-21,5.05
2018-10-22,4.86
2018-10-23,5.09
2018-10-24,5.21
2018-10-25,5.14
2018-10-26,4.80
2018-10-27,4.78
2018-10-28,5.12
2018-10-29,5.36
2018-10-30,5.20
2018-10-31,5.21
2018-11-01,5.21
2018-11-02,5.24
2018-11-03,5.15
2018-11-04,5.06
2018-11-05,4.93
2018-11-06,5.12
2018-11-07,5.02
2018-11-08,4.86
2018-11-09,4.91
2018-11-10,5.17
2018-11-11,5.21
2018-11-12,4.92
2018-11-13,5.07
2018-11-14,5.19
2018-11-15,5.00
2018-11-16,5.48
2018-11-17,5.60
2018-11-18,5.51
2018-11-19,5.45
2018-11-20,5.47
2018-11-21,5.51
2018-11-22,5.44
2018-11-23,5.44
2018-11-24,5.40
2018-11-25,5.17
2018-11-26,4.78
2018-11-27,4.74
2018-11-28,4.75
2018-11-29,4.80
2018-11-30,4.84
2018-12-01,4.84
2018-12-02,4.76
2018-12-03,4.63
2018-12-04,4.50
2018-12-05,4.42
2018-12-06,4.36
2018-12-07,4.28
2018-12-08,4.26
2018-12-09,4.30
2018-12-10,4.35
2018-12-11,4.36
2018-12-12,4.33
2018-12-13,4.31
2018-12-14,4.23
2018-12-15,4.11
2018-12-16,4.03
2018-12-17,4.03
2018-12-18,4.05
2018-12-19,4.11
2018-12-20,4.09
2018-12-21,3.88
2018-12-22,3.66
2018-12-23,3.66
2018-12-24,3.80
2018-12-25,3.82
2018-12-26,3.81
2018-12-27,3.75
2018-12-28,3.66
2018-12-29,3.51
2018-12-30,3.47
2018-12-31,3.44
2019-01-01,3.38
2019-01-02,3.39
2019-01-03,3.41
2019-01-04,3.22
2019-01-05,3.18
2019-01-06,3.25
2019-01-07,3.32
2019-01-08,3.26
2019-01-09,2.91
2019-01-10,2.86
2019-01-11,3.01
2019-01-12,3.26
2019-01-13,3.38
2019-01-14,3.31
2019-01-15,3.14
2019-01-16,3.07
2019-01-17,2.99
2019-01-18,2.99
2019-01-19,2.88
2019-01-20,2.86
2019-01-21,2.77
2019-01-22,2.89
2019-01-23,2.92
2019-01-24,2.75
2019-01-25,2.65
2019-01-26,2.72
2019-01-27,2.83
2019-01-28,2.89
2019-01-29,2.94
2019-01-30,2.93
2019-01-31,2.90
2019-02-01,2.97
2019-02-02,2.96
2019-02-03,2.80
2019-02-04,2.61
2019-02-05,2.42
2019-02-06,2.40
2019-02-07,2.41
2019-02-08,2.35
2019-02-09,2.36
2019-02-10,2.48
2019-02-11,2.25
2019-02-12,1.73
2019-02-13,1.47
2019-02-14,1.43
2019-02-15,1.64
2019-02-16,1.72
2019-02-17,1.81
2019-02-18,2.03
2019-02-19,2.10
2019-02-20,2.12
2019-02-21,1.93
2019-02-22,1.63
2019-02-23,1.56
2019-02-24,1.53
2019-02-25,1.51
2019-02-26,1.57
2019-02-27,1.80
2019-02-28,1.64
2019-03-01,1.36
2019-03-02,1.21
2019-03-03,1.17
2019-03-04,1.27
2019-03-05,1.32
2019-03-06,1.51
2019-03-07,1.63
2019-03-08,1.72
2019-03-09,1.78
2019-03-10,1.88
2019-03-11,1.93
2019-03-12,2.02
2019-03-13,2.22
2019-03-14,2.31
2019-03-15,2.29
2019-03-16,2.28
2019-03-17,2.36
2019-03-18,2.48
2019-03-19,2.47
2019-03-20,2.38
2019-03-21,2.39
2019-03-22,2.41
2019-03-23,2.54
2019-03-24,2.67
2019-03-25,2.66
2019-03-26,2.63
2019-03-27,2.55
2019-03-28,2.49
2019-03-29,2.50
2019-03-30,2.59
2019-03-31,2.65
2019-04-01,2.74
2019-04-02,2.77
2019-04-03,2.72
2019-04-04,2.92
2019-04-05,2.77
2019-04-06,2.31
2019-04-07,2.24
2019-04-08,2.13
2019-04-09,2.06
2019-04-10,2.06
2019-04-11,2.11
2019-04-12,2.13
2019-04-13,2.21
2019-04-14,2.33
2019-04-15,2.41
2019-04-16,2.56
2019-04-17,2.65
2019-04-18,2.58
2019-04-19,2.63
2019-04-20,2.79
2019-04-21,2.98
2019-04-22,3.07
2019-04-23,3.11
2019-04-24,3.15
2019-04-25,3.23
2019-04-26,3.38
2019-04-27,3.42
2019-04-28,3.56
2019-04-29,3.65
2019-04-30,3.65
2019-05-01,3.50
2019-05-02,3.14
2019-05-03,2.86
2019-05-04,2.76
2019-05-05,2.75
2019-05-06,2.79
2019-05-07,2.84
2019-05-08,2.89
2019-05-09,2.90
2019-05-10,2.86
2019-05-11,2.83
2019-05-12,2.84
2019-05-13,2.84
2019-05-14,2.85
2019-05-15,2.88
2019-05-16,2.95
2019-05-17,3.04
2019-05-18,3.04
2019-05-19,3.03
2019-05-20,3.02
2019-05-21,3.06
2019-05-22,3.19
2019-05-23,3.24
2019-05-24,3.28
2019-05-25,3.29
2019-05-26,3.30
2019-05-27,3.30
2019-05-28,3.30
2019-05-29,3.27
2019-05-30,3.20
2019-05-31,3.13
2019-06-01,3.11
2019-06-02,3.14
2019-06-03,3.18
2019-06-04,3.26
2019-06-05,3.33
2019-06-06,3.35
2019-06-07,3.37
2019-06-08,3.39
2019-06-09,3.40
2019-06-10,3.37
2019-06-11,3.36
2019-06-12,3.39
2019-06-13,3.45
2019-06-14,3.45
2019-06-15,3.44
2019-06-16,3.47
2019-06-17,3.52
2019-06-18,3.55
2019-06-19,3.55
2019-06-20,3.53
2019-06-21,3.50
2019-06-22,3.51
2019-06-23,3.51
2019-06-24,3.46
2019-06-25,3.50
2019-06-26,3.58
2019-06-27,3.62
2019-06-28,3.67
2019-06-29,3.68
2019-06-30,3.69
2019-07-01,3.74
2019-07-02,3.79
2019-07-03,3.83
2019-07-04,3.82
2019-07-05,3.78
2019-07-06,3.78
2019-07-07,3.79
2019-07-08,3.78
2019-07-09,3.76
2019-07-10,3.69
2019-07-11,3.61
2019-07-12,3.57
2019-07-13,3.61
2019-07-14,3.68
2019-07-15,3.76
2019-07-16,3.81
2019-07-17,3.82
2019-07-18,3.79
2019-07-19,3.80
2019-07-20,3.81
2019-07-21,3.85
2019-07-22,3.89
2019-07-23,3.92
2019-07-24,3.92
2019-07-25,3.90
2019-07-26,3.87
2019-07-27,3.81
2019-07-28,3.78
2019-07-29,3.78
2019-07-30,3.77
2019-07-31,3.76
2019-08-01,3.74
2019-08-02,3.74
2019-08-03,3.74
2019-08-04,3.73
2019-08-05,3.75
2019-08-06,3.77
2019-08-07,3.75
2019-08-08,3.75
2019-08-09,3.75
2019-08-10,3.78
2019-08-11,3.81
2019-08-12,3.84
2019-08-13,3.81
2019-08-14,3.85
2019-08-15,3.96
2019-08-16,4.02
2019-08-17,4.04
2019-08-18,4.03
2019-08-19,4.02
2019-08-20,3.99
2019-08-21,4.00
2019-08-22,3.98
2019-08-23,3.97
2019-08-24,4.02
2019-08-25,4.05
2019-08-26,4.06
2019-08-27,4.07
2019-08-28,4.11
2019-08-29,4.14
2019-08-30,4.07
2019-08-31,4.06
2019-09-01,4.04
2019-09-02,3.99
2019-09-03,3.93
2019-09-04,3.96
2019-09-05,3.97
2019-09-06,3.99
2019-09-07,4.00
2019-09-08,3.89
2019-09-09,4.16
2019-09-10,4.10
2019-09-11,4.39
2019-09-12,4.68
2019-09-13,4.98
2019-09-14,4.94
2019-09-15,4.81
2019-09-16,4.76
2019-09-17,4.78
2019-09-18,4.83
2019-09-19,4.88
2019-09-20,4.83
2019-09-21,4.79
2019-09-22,4.86
2019-09-23,4.71
2019-09-24,4.59
2019-09-25,4.60
2019-09-26,4.69
2019-09-27,4.82
2019-09-28,4.92
2019-09-29,4.94
2019-09-30,5.01
2019-10-01,5.05
2019-10-02,4.96
2019-10-03,5.09
2019-10-04,5.26
2019-10-05,5.23
2019-10-06,5.45
2019-10-07,5.68
2019-10-08,5.72
2019-10-09,5.87
2019-10-10,5.92
2019-10-11,5.93
2019-10-12,5.90
2019-10-13,5.74
2019-10-14,5.68
2019-10-15,5.55
2019-10-16,5.42
2019-10-17,5.33
2019-10-18,5.05
2019-10-19,4.87
2019-10-20,4.85
2019-10-21,4.82
2019-10-22,4.87
2019-10-23,4.95
2019-10-24,4.85
2019-10-25,4.87
2019-10-26,4.91
2019-10-27,4.94
2019-10-28,4.99
2019-10-29,5.05
2019-10-30,5.12
2019-10-31,5.12
2019-11-01,4.98
2019-11-02,4.89
2019-11-03,4.83
2019-11-04,4.74
2019-11-05,4.86
2019-11-06,4.80
2019-11-07,4.83
2019-11-08,4.83
2019-11-09,4.74
2019-11-10,4.97
2019-11-11,4.95
2019-11-12,4.96
2019-11-13,4.96
2019-11-14,5.14
2019-11-15,5.13
2019-11-16,4.95
2019-11-17,5.34
2019-11-18,5.30
2019-11-19,5.23
2019-11-20,5.13
2019-11-21,5.20
2019-11-22,5.18
2019-11-23,5.10
2019-11-24,5.13
2019-11-25,5.03
2019-11-26,4.85
2019-11-27,4.86
2019-11-28,4.94
2019-11-29,4.97
2019-11-30,5.01
2019-12-01,4.99
2019-12-02,4.86
2019-12-03,4.78
2019-12-04,4.77
2019-12-05,4.84
2019-12-06,4.86
2019-12-07,4.88
2019-12-08,4.92
2019-12-09,4.81
2019-12-10,4.75
2019-12-11,4.78
2019-12-12,4.81
2019-12-13,4.75
2019-12-14,4.67
2019-12-15,4.66
2019-12-16,4.73
2019-12-17,4.65
2019-12-18,4.22
2019-12-19,4.07
2019-12-20,4.02
2019-12-21,4.07
2019-12-22,4.15
2019-12-23,4.19
2019-12-24,4.26
2019-12-25,4.34
2019-12-26,4.46
2019-12-27,4.38
2019-12-28,4.32
2019-12-29,4.22
2019-12-30,4.09
2019-12-31,4.04
2020-01-01,4.16
2020-01-02,4.29
2020-01-03,4.25
2020-01-04,4.20
2020-01-05,4.15
2020-01-06,4.14
2020-01-07,4.14
2020-01-08,4.14
2020-01-09,4.10
2020-01-10,3.90
2020-01-11,3.86
2020-01-12,3.89
2020-01-13,3.93
2020-01-14,3.91
2020-01-15,3.91
2020-01-16,3.96
2020-01-17,3.94
2020-01-18,3.56
2020-01-19,3.38
2020-01-20,3.49
2020-01-21,3.54
2020-01-22,3.55
2020-01-23,3.55
2020-01-24,3.56
2020-01-25,3.56
2020-01-26,3.51
2020-01-27,3.57
2020-01-28,3.64
2020-01-29,3.64
2020-01-30,3.53
2020-01-31,3.42
2020-02-01,3.39
2020-02-02,3.43
2020-02-03,3.39
2020-02-04,3.28
2020-02-05,3.21
2020-02-06,3.06
2020-02-07,3.00
2020-02-08,3.04
2020-02-09,2.95
2020-02-10,2.85
2020-02-11,2.89
2020-02-12,2.97
2020-02-13,3.00
2020-02-14,2.98
2020-02-15,2.75
2020-02-16,2.70
2020-02-17,2.77
2020-02-18,2.74
2020-02-19,2.79
2020-02-20,2.76
2020-02-21,2.61
2020-02-22,2.54
2020-02-23,2.54
2020-02-24,2.58
2020-02-25,2.62
2020-02-26,2.67
2020-02-27,2.68
2020-02-28,2.82
2020-02-29,3.06
2020-03-01,3.18
2020-03-02,3.18
2020-03-03,3.23
2020-03-04,3.30
2020-03-05,3.48
2020-03-06,3.28
2020-03-07,3.02
2020-03-08,2.87
2020-03-09,2.82
2020-03-10,2.78
2020-03-11,2.79
2020-03-12,2.73
2020-03-13,2.69
2020-03-14,2.77
2020-03-15,2.83
2020-03-16,2.69
2020-03-17,2.62
2020-03-18,2.68
2020-03-19,2.66
2020-03-20,2.69
2020-03-21,2.83
2020-03-22,2.65
2020-03-23,2.28
2020-03-24,2.19
2020-03-25,2.33
2020-03-26,2.40
2020-03-27,2.51
2020-03-28,2.62
2020-03-29,2.57
2020-03-30,2.47
2020-03-31,2.45
2020-04-01,2.51
2020-04-02,2.62
2020-04-03,2.76
2020-04-04,2.87
2020-04-05,2.97
2020-04-06,3.03
2020-04-07,3.07
2020-04-08,3.07
2020-04-09,3.05
2020-04-10,3.07
2020-04-11,3.18
2020-04-12,3.15
2020-04-13,3.01
2020-04-14,2.96
2020-04-15,2.98
2020-04-16,3.03
2020-04-17,3.00
2020-04-18,2.91
2020-04-19,2.84
2020-04-20,2.82
2020-04-21,2.88
2020-04-22,2.90
2020-04-23,2.95
2020-04-24,2.99
2020-04-25,2.96
2020-04-26,2.87
2020-04-27,2.77
2020-04-28,2.69
2020-04-29,2.74
2020-04-30,2.75
2020-05-01,2.82
2020-05-02,2.94
2020-05-03,3.04
2020-05-04,3.08
2020-05-05,3.11
2020-05-06,3.16
2020-05-07,3.14
2020-05-08,3.11
2020-05-09,3.14
2020-05-10,3.27
2020-05-11,3.29
2020-05-12,3.14
2020-05-13,3.10
2020-05-14,3.05
2020-05-15,2.88
2020-05-16,2.75
2020-05-17,2.73
2020-05-18,2.77
2020-05-19,2.81
2020-05-20,2.84
2020-05-21,2.87
2020-05-22,2.90
2020-05-23,2.89
2020-05-24,2.89
2020-05-25,2.97
2020-05-26,3.10
2020-05-27,3.23
2020-05-28,3.35
2020-05-29,3.46
2020-05-30,3.53
2020-05-31,3.59
2020-06-01,3.64
2020-06-02,3.67
2020-06-03,3.68
2020-06-04,3.66
2020-06-05,3.66
2020-06-06,3.67
2020-06-07,3.70
2020-06-08,3.75
2020-06-09,3.76
2020-06-10,3.74
2020-06-11,3.72
2020-06-12,3.75
2020-06-13,3.82
2020-06-14,3.84
2020-06-15,3.82
2020-06-16,3.78
2020-06-17,3.76
2020-06-18,3.78
2020-06-19,3.79
2020-06-20,3.80
2020-06-21,3.83
2020-06-22,3.88
2020-06-23,3.96
2020-06-24,4.02
2020-06-25,4.05
2020-06-26,4.06
2020-06-27,4.08
2020-06-28,4.08
2020-06-29,4.08
2020-06-30,4.07
2020-07-01,4.07
2020-07-02,4.07
2020-07-03,4.07
2020-07-04,4.07
2020-07-05,4.08
2020-07-06,4.10
2020-07-07,4.12
2020-07-08,4.11
2020-07-09,4.11
2020-07-10,4.12
2020-07-11,4.11
2020-07-12,4.10
2020-07-13,4.11
2020-07-14,4.12
2020-07-15,4.06
2020-07-16,4.02
2020-07-17,4.04
2020-07-18,4.06
2020-07-19,4.05
2020-07-20,4.04
2020-07-21,4.03
2020-07-22,4.01
2020-07-23,3.97
2020-07-24,3.96
2020-07-25,3.97
2020-07-26,4.02
2020-07-27,4.04
2020-07-28,4.05
2020-07-29,4.07
2020-07-30,4.11
2020-07-31,4.13
2020-08-01,4.15
2020-08-02,4.18
2020-08-03,4.17
2020-08-04,4.17
2020-08-05,4.20
2020-08-06,4.17
2020-08-07,4.20
2020-08-08,4.22
2020-08-09,4.20
2020-08-10,4.21
2020-08-11,4.25
2020-08-12,4.28
2020-08-13,4.30
2020-08-14,4.31
2020-08-15,4.31
2020-08-16,4.31
2020-08-17,4.33
2020-08-18,4.33
2020-08-19,4.33
2020-08-20,4.36
2020-08-21,4.36
2020-08-22,4.32
2020-08-23,4.30
2020-08-24,4.34
2020-08-25,4.38
2020-08-26,4.40
2020-08-27,4.46
2020-08-28,4.52
2020-08-29,4.62
2020-08-30,4.83
2020-08-31,4.93
2020-09-01,4.95
2020-09-02,4.67
2020-09-03,4.63
2020-09-04,4.66
2020-09-05,4.70
2020-09-06,4.74
2020-09-07,4.72
2020-09-08,4.69
2020-09-09,4.71
2020-09-10,4.76
2020-09-11,4.82
2020-09-12,4.94
2020-09-13,4.93
2020-09-14,4.87
2020-09-15,4.90
2020-09-16,4.97
2020-09-17,4.81
2020-09-18,4.82
2020-09-19,4.88
2020-09-20,4.94
2020-09-21,5.01
2020-09-22,4.94
2020-09-23,4.83
2020-09-24,4.79
2020-09-25,4.82
2020-09-26,4.85
2020-09-27,4.99
2020-09-28,5.10
2020-09-29,5.14
2020-09-30,5.18
2020-10-01,5.14
2020-10-02,5.16
2020-10-03,5.15
2020-10-04,5.13
2020-10-05,5.10
2020-10-06,5.09
2020-10-07,5.09
2020-10-08,5.14
2020-10-09,5.38
2020-10-10,5.84
2020-10-11,5.80
2020-10-12,6.03
2020-10-13,5.93
2020-10-14,5.79
2020-10-15,5.62
2020-10-16,5.57
2020-10-17,5.59
2020-10-18,5.52
2020-10-19,5.51
2020-10-20,5.43
2020-10-21,5.38
2020-10-22,5.37
2020-10-23,5.38
2020-10-24,5.39
2020-10-25,5.41
2020-10-26,5.51
2020-10-27,5.48
2020-10-28,5.54
2020-10-29,5.56
2020-10-30,5.54
2020-10-31,5.61
2020-11-01,5.76
2020-11-02,5.68
2020-11-03,5.51
2020-11-04,5.65
2020-11-05,5.77
2020-11-06,5.64
2020-11-07,5.72
2020-11-08,5.82
2020-11-09,5.81
2020-11-10,5.80
2020-11-11,5.79
2020-11-12,5.77
2020-11-13,5.78
2020-11-14,5.78
2020-11-15,5.77
2020-11-16,5.72
2020-11-17,5.65
2020-11-18,5.68
2020-11-19,5.67
2020-11-20,5.66
2020-11-21,5.66
2020-11-22,5.69
2020-11-23,5.60
2020-11-24,5.54
2020-11-25,5.52
2020-11-26,5.48
2020-11-27,5.42
2020-11-28,5.50
2020-11-29,5.57
2020-11-30,5.59
2020-12-01,5.55
2020-12-02,5.52
2020-12-03,5.55
2020-12-04,5.61
2020-12-05,5.63
2020-12-06,5.66
2020-12-07,5.70
2020-12-08,5.73
2020-12-09,5.69
2020-12-10,5.68
2020-12-11,5.70
2020-12-12,5.71
2020-12-13,5.70
2020-12-14,5.70
2020-12-15,5.72
2020-12-16,5.71
2020-12-17,5.58
2020-12-18,5.56
2020-12-19,5.54
2020-12-20,5.52
2020-12-21,5.50
2020-12-22,5.48
2020-12-23,5.45
2020-12-24,5.36
2020-12-25,5.33
2020-12-26,5.41
2020-12-27,5.47
2020-12-28,5.50
2020-12-29,5.52
2020-12-30,5.53
2020-12-31,5.48
2021-01-01,5.44
2021-01-02,5.31
2021-01-03,5.26
2021-01-04,5.26
2021-01-05,5.27
2021-01-06,5.30
2021-01-07,5.33
2021-01-08,5.23
2021-01-09,4.92
2021-01-10,4.67
2021-01-11,4.56
2021-01-12,4.58
2021-01-13,4.62
2021-01-14,4.66
2021-01-15,4.69
2021-01-16,4.68
2021-01-17,4.73
2021-01-18,4.95
2021-01-19,5.03
2021-01-20,4.93
2021-01-21,4.74
2021-01-22,4.59
2021-01-23,4.51
2021-01-24,4.44
2021-01-25,4.37
2021-01-26,4.25
2021-01-27,4.16
2021-01-28,4.14
2021-01-29,4.13
2021-01-30,4.16
2021-01-31,4.16
2021-02-01,4.17
2021-02-02,4.11
2021-02-03,4.21
2021-02-04,4.46
2021-02-05,4.55
2021-02-06,4.50
2021-02-07,4.48
2021-02-08,4.31
2021-02-09,3.98
2021-02-10,3.76
2021-02-11,3.58
2021-02-12,3.29
2021-02-13,3.10
2021-02-14,3.12
2021-02-15,3.18
2021-02-16,3.23
2021-02-17,3.33
2021-02-18,3.32
2021-02-19,3.25
2021-02-20,3.25
2021-02-21,3.31
2021-02-22,3.26
2021-02-23,3.32
2021-02-24,3.44
2021-02-25,3.51
2021-02-26,3.56
2021-02-27,3.43
2021-02-28,3.51
2021-03-01,3.45
2021-03-02,3.64
2021-03-03,3.64
2021-03-04,3.22
2021-03-05,3.14
2021-03-06,3.04
2021-03-07,2.92
2021-03-08,2.79
2021-03-09,2.79
2021-03-10,2.92
2021-03-11,3.09
2021-03-12,3.29
2021-03-13,3.43
2021-03-14,3.37
2021-03-15,3.27
2021-03-16,2.98
2021-03-17,2.82
2021-03-18,2.84
2021-03-19,2.92
2021-03-20,2.89
2021-03-21,2.95
2021-03-22,3.02
2021-03-23,3.11
2021-03-24,3.18
2021-03-25,3.28
2021-03-26,3.37
2021-03-27,3.49
2021-03-28,3.62
2021-03-29,3.81
2021-03-30,4.08
2021-03-31,3.95
2021-04-01,3.96
2021-04-02,4.13
2021-04-03,4.29
2021-04-04,4.35
2021-04-05,4.39
2021-04-06,4.40
2021-04-07,4.37
2021-04-08,4.21
2021-04-09,4.15
2021-04-10,4.11
2021-04-11,4.06
2021-04-12,4.03
2021-04-13,4.00
2021-04-14,3.98
2021-04-15,4.00
2021-04-16,4.10
2021-04-17,4.17
2021-04-18,4.32
2021-04-19,4.41
2021-04-20,4.43
2021-04-21,4.42
2021-04-22,4.45
2021-04-23,4.57
2021-04-24,4.65
2021-04-25,4.60
2021-04-26,4.53
2021-04-27,4.58
2021-04-28,4.53
2021-04-29,4.49
2021-04-30,4.45
2021-05-01,4.47
2021-05-02,4.38
2021-05-03,4.24
2021-05-04,4.05
2021-05-05,3.93
2021-05-06,3.85
2021-05-07,3.86
2021-05-08,3.83
2021-05-09,3.88
2021-05-10,3.92
2021-05-11,3.87
2021-05-12,3.88
2021-05-13,3.92
2021-05-14,3.97
2021-05-15,4.00
2021-05-16,4.03
2021-05-17,4.05
2021-05-18,4.09
2021-05-19,4.17
2021-05-20,4.25
2021-05-21,4.31
2021-05-22,4.35
2021-05-23,4.35
2021-05-24,4.34
2021-05-25,4.29
2021-05-26,4.31
2021-05-27,4.29
2021-05-28,4.23
2021-05-29,4.14
2021-05-30,4.05
2021-05-31,3.99
2021-06-01,4.02
2021-06-02,4.06
2021-06-03,4.08
2021-06-04,4.09
2021-06-05,4.11
2021-06-06,4.13
2021-06-07,4.13
2021-06-08,4.15
2021-06-09,4.18
2021-06-10,4.20
2021-06-11,4.20
2021-06-12,4.16
2021-06-13,4.16
2021-06-14,4.18
2021-06-15,4.19
2021-06-16,4.21
2021-06-17,4.25
2021-06-18,4.30
2021-06-19,4.31
2021-06-20,4.31
2021-06-21,4.33
2021-06-22,4.36
2021-06-23,4.38
2021-06-24,4.42
2021-06-25,4.45
2021-06-26,4.47
2021-06-27,4.50
2021-06-28,4.55
2021-06-29,4.59
2021-06-30,4.60
2021-07-01,4.63
2021-07-02,4.68
2021-07-03,4.69
2021-07-04,4.69
2021-07-05,4.73
2021-07-06,4.75
2021-07-07,4.75
2021-07-08,4.73
2021-07-09,4.68
2021-07-10,4.68
2021-07-11,4.72
2021-07-12,4.70
2021-07-13,4.72
2021-07-14,4.72
2021-07-15,4.72
2021-07-16,4.73
2021-07-17,4.76
2021-07-18,4.77
2021-07-19,4.80
2021-07-20,4.79
2021-07-21,4.79
2021-07-22,4.81
2021-07-23,4.81
2021-07-24,4.81
2021-07-25,4.79
2021-07-26,4.79
2021-07-27,4.80
2021-07-28,4.83
2021-07-29,4.84
2021-07-30,4.84
2021-07-31,4.82
2021-08-01,4.81
2021-08-02,4.81
2021-08-03,4.78
2021-08-04,4.76
2021-08-05,4.79
2021-08-06,4.81
2021-08-07,4.81
2021-08-08,4.83
2021-08-09,4.84
2021-08-10,4.88
2021-08-11,4.91
2021-08-12,4.93
2021-08-13,4.95
2021-08-14,4.95
2021-08-15,4.96
2021-08-16,4.97
2021-08-17,4.98
2021-08-18,4.97
2021-08-19,4.97
2021-08-20,4.99
2021-08-21,5.02
2021-08-22,5.08
2021-08-23,5.16
2021-08-24,5.17
2021-08-25,5.13
2021-08-26,5.11
2021-08-27,5.11
2021-08-28,5.08
2021-08-29,5.12
2021-08-30,5.14
2021-08-31,5.08
2021-09-01,5.06
2021-09-02,5.07
2021-09-03,5.02
2021-09-04,4.97
2021-09-05,4.95
2021-09-06,4.92
2021-09-07,5.07
2021-09-08,5.15
2021-09-09,5.24
2021-09-10,5.22
2021-09-11,5.19
2021-09-12,5.21
2021-09-13,5.24
2021-09-14,5.26
2021-09-15,5.37
2021-09-16,5.40
2021-09-17,5.31
2021-09-18,5.30
2021-09-19,5.29
2021-09-20,5.47
2021-09-21,5.51
2021-09-22,5.46
2021-09-23,5.44
2021-09-24,5.44
2021-09-25,5.41
2021-09-26,5.36
2021-09-27,5.29
2021-09-28,5.27
2021-09-29,5.24
2021-09-30,5.20
2021-10-01,5.21
2021-10-02,5.23
2021-10-03,5.26
2021-10-04,5.38
2021-10-05,5.58
2021-10-06,5.66
2021-10-07,5.65
2021-10-08,5.69
2021-10-09,5.76
2021-10-10,5.72
2021-10-11,5.66
2021-10-12,5.57
2021-10-13,5.45
2021-10-14,5.39
2021-10-15,5.41
2021-10-16,5.52
2021-10-17,5.57
2021-10-18,5.46
2021-10-19,5.41
2021-10-20,5.40
2021-10-21,5.37
2021-10-22,5.37
2021-10-23,5.41
2021-10-24,5.47
2021-10-25,5.59
2021-10-26,5.55
2021-10-27,5.58
2021-10-28,5.59
2021-10-29,5.59
2021-10-30,5.63
2021-10-31,5.64
2021-11-01,5.41
2021-11-02,5.31
2021-11-03,5.31
2021-11-04,5.31
2021-11-05,5.48
2021-11-06,5.64
2021-11-07,5.73
2021-11-08,5.81
2021-11-09,5.71
2021-11-10,5.64
2021-11-11,5.58
2021-11-12,5.61
2021-11-13,5.46
2021-11-14,5.18
2021-11-15,5.24
2021-11-16,5.23
2021-11-17,5.32
2021-11-18,5.46
2021-11-19,5.29
2021-11-20,5.44
2021-11-21,5.68
2021-11-22,5.64
2021-11-23,5.46
2021-11-24,5.14
2021-11-25,5.22
2021-11-26,5.42
2021-11-27,5.61
2021-11-28,5.72
2021-11-29,5.85
2021-11-30,5.82
2021-12-01,5.87
2021-12-02,5.88
2021-12-03,5.77
2021-12-04,5.82
2021-12-05,5.86
2021-12-06,5.69
2021-12-07,5.54
2021-12-08,5.53
2021-12-09,5.60
2021-12-10,5.64
2021-12-11,5.55
2021-12-12,5.51
2021-12-13,5.52
2021-12-14,5.55
2021-12-15,5.58
2021-12-16,5.45
2021-12-17,5.36
2021-12-18,5.35
2021-12-19,5.27
2021-12-20,5.24
2021-12-21,5.24
2021-12-22,5.26
2021-12-23,5.28
2021-12-24,5.25
2021-12-25,5.06
2021-12-26,4.89
2021-12-27,4.82
2021-12-28,4.80
2021-12-29,4.83
2021-12-30,4.87
2021-12-31,4.93
2022-01-01,4.96
2022-01-02,5.01
2022-01-03,5.02
2022-01-04,4.99
2022-01-05,4.95
2022-01-06,4.94
2022-01-07,4.94
2022-01-08,4.94
2022-01-09,4.81
2022-01-10,4.82
2022-01-11,4.81
2022-01-12,4.73
2022-01-13,4.68
2022-01-14,4.65
2022-01-15,4.70
2022-01-16,4.39
2022-01-17,4.07
2022-01-18,4.22
2022-01-19,4.35
2022-01-20,4.24
2022-01-21,4.13
2022-01-22,4.06
2022-01-23,4.14
2022-01-24,4.19
2022-01-25,4.16
2022-01-26,4.19
2022-01-27,4.15
2022-01-28,4.11
2022-01-29,4.19
2022-01-30,4.32
2022-01-31,4.34
2022-02-01,4.22
2022-02-02,4.06
2022-02-03,4.09
2022-02-04,4.19
2022-02-05,4.27
2022-02-06,4.18
2022-02-07,4.04
2022-02-08,4.04
2022-02-09,4.17
2022-02-10,4.25
2022-02-11,4.25
2022-02-12,4.26
2022-02-13,4.32
2022-02-14,4.29
2022-02-15,4.23
2022-02-16,4.05
2022-02-17,3.87
2022-02-18,3.92
2022-02-19,3.82
2022-02-20,3.64
2022-02-21,3.59
2022-02-22,3.65
2022-02-23,3.74
2022-02-24,3.82
2022-02-25,3.46
2022-02-26,3.23
2022-02-27,3.23
2022-02-28,3.32
2022-03-01,3.03
2022-03-02,2.90
2022-03-03,2.99
2022-03-04,3.07
2022-03-05,3.05
2022-03-06,2.98
2022-03-07,2.99
2022-03-08,3.10
2022-03-09,2.99
2022-03-10,2.76
2022-03-11,2.74
2022-03-12,2.83
2022-03-13,3.12
2022-03-14,3.02
2022-03-15,2.90
2022-03-16,2.87
2022-03-17,2.89
2022-03-18,3.01
2022-03-19,3.04
2022-03-20,3.06
2022-03-21,3.20
2022-03-22,3.23
2022-03-23,3.06
2022-03-24,2.73
2022-03-25,2.69
2022-03-26,2.88
2022-03-27,3.04
2022-03-28,3.17
2022-03-29,3.27
2022-03-30,3.26
2022-03-31,3.08
2022-04-01,2.89
2022-04-02,2.91
2022-04-03,2.87
2022-04-04,2.63
2022-04-05,2.51
2022-04-06,2.45
2022-04-07,2.46
2022-04-08,2.47
2022-04-09,2.57
2022-04-10,2.73
2022-04-11,2.90
2022-04-12,2.93
2022-04-13,2.98
2022-04-14,3.00
2022-04-15,3.01
2022-04-16,3.06
2022-04-17,3.13
2022-04-18,3.20
2022-04-19,3.11
2022-04-20,3.16
2022-04-21,3.26
2022-04-22,3.32
2022-04-23,3.35
2022-04-24,3.25
2022-04-25,3.12
2022-04-26,3.16
2022-04-27,3.23
2022-04-28,3.30
2022-04-29,3.38
2022-04-30,3.45
2022-05-01,3.49
2022-05-02,3.47
2022-05-03,3.44
2022-05-04,3.47
2022-05-05,3.53
2022-05-06,3.57
2022-05-07,3.59
2022-05-08,3.57
2022-05-09,3.56
2022-05-10,3.55
2022-05-11,3.54
2022-05-12,3.56
2022-05-13,3.57
2022-05-14,3.56
2022-05-15,3.56
2022-05-16,3.56
2022-05-17,3.64
2022-05-18,3.74
2022-05-19,3.82
2022-05-20,3.82
2022-05-21,3.84
2022-05-22,3.87
2022-05-23,3.89
2022-05-24,3.87
2022-05-25,3.86
2022-05-26,3.87
2022-05-27,3.90
2022-05-28,3.95
2022-05-29,4.02
2022-05-30,4.06
2022-05-31,4.05
2022-06-01,3.97
2022-06-02,3.91
2022-06-03,3.95
2022-06-04,4.06
2022-06-05,4.20
2022-06-06,4.29
2022-06-07,4.37
2022-06-08,4.41
2022-06-09,4.39
2022-06-10,4.38
2022-06-11,4.40
2022-06-12,4.40
2022-06-13,4.38
2022-06-14,4.38
2022-06-15,4.42
2022-06-16,4.47
2022-06-17,4.50
2022-06-18,4.51
2022-06-19,4.56
2022-06-20,4.60
2022-06-21,4.58
2022-06-22,4.53
2022-06-23,4.49
2022-06-24,4.49
2022-06-25,4.50
2022-06-26,4.52
2022-06-27,4.50
2022-06-28,4.47
2022-06-29,4.45
2022-06-30,4.43
2022-07-01,4.44
2022-07-02,4.47
2022-07-03,4.51
2022-07-04,4.56
2022-07-05,4.60
2022-07-06,4.62
2022-07-07,4.62
2022-07-08,4.57
2022-07-09,4.55
2022-07-10,4.59
2022-07-11,4.59
2022-07-12,4.60
2022-07-13,4.66
2022-07-14,4.73
2022-07-15,4.79
2022-07-16,4.83
2022-07-17,4.86
2022-07-18,4.86
2022-07-19,4.86
2022-07-20,4.89
2022-07-21,4.93
2022-07-22,4.93
2022-07-23,4.97
2022-07-24,5.07
2022-07-25,5.08
2022-07-26,5.06
2022-07-27,5.06
2022-07-28,5.07
2022-07-29,5.07
2022-07-30,5.10
2022-07-31,5.13
2022-08-01,5.17
2022-08-02,5.19
2022-08-03,5.23
2022-08-04,5.26
2022-08-05,5.25
2022-08-06,5.25
2022-08-07,5.23
2022-08-08,5.23
2022-08-09,5.23
2022-08-10,5.24
2022-08-11,5.29
2022-08-12,5.31
2022-08-13,5.31
2022-08-14,5.31
2022-08-15,5.32
2022-08-16,5.32
2022-08-17,5.30
2022-08-18,5.32
2022-08-19,5.34
2022-08-20,5.37
2022-08-21,5.33
2022-08-22,5.30
2022-08-23,5.33
2022-08-24,5.33
2022-08-25,5.34
2022-08-26,5.34
2022-08-27,5.36
2022-08-28,5.39
2022-08-29,5.39
2022-08-30,5.40
2022-08-31,5.41
2022-09-01,5.41
2022-09-02,5.41
2022-09-03,5.39
2022-09-04,5.36
2022-09-05,5.36
2022-09-06,5.36
2022-09-07,5.36
2022-09-08,5.38
2022-09-09,5.39
2022-09-10,5.39
2022-09-11,5.41
2022-09-12,5.49
2022-09-13,5.49
2022-09-14,5.47
2022-09-15,5.44
2022-09-16,5.41
2022-09-17,5.38
2022-09-18,5.59
2022-09-19,6.19
2022-09-20,6.15
2022-09-21,5.89
2022-09-22,5.55
2022-09-23,5.59
2022-09-24,5.80
2022-09-25,5.59
2022-09-26,5.93
2022-09-27,6.16
2022-09-28,6.45
2022-09-29,6.60
2022-09-30,6.62
2022-10-01,6.50
2022-10-02,6.39
2022-10-03,6.34
2022-10-04,6.37
2022-10-05,6.45
2022-10-06,6.54
2022-10-07,6.60
2022-10-08,6.67
2022-10-09,6.68
2022-10-10,6.64
2022-10-11,6.59
2022-10-12,6.49
2022-10-13,6.36
2022-10-14,6.26
2022-10-15,6.31
2022-10-16,6.38
2022-10-17,6.45
2022-10-18,6.55
2022-10-19,6.56
2022-10-20,6.46
2022-10-21,6.43
2022-10-22,6.41
2022-10-23,6.36
2022-10-24,6.34
2022-10-25,6.36
2022-10-26,6.40
2022-10-27,6.43
2022-10-28,6.53
2022-10-29,6.56
2022-10-30,6.58
2022-10-31,6.66
2022-11-01,6.67
2022-11-02,6.69
2022-11-03,6.84
2022-11-04,6.68
2022-11-05,6.52
2022-11-06,6.42
2022-11-07,6.27
2022-11-08,6.15
2022-11-09,6.51
2022-11-10,6.88
2022-11-11,6.96
2022-11-12,6.89
2022-11-13,6.78
2022-11-14,6.70
2022-11-15,6.59
2022-11-16,6.67
2022-11-17,6.52
2022-11-18,6.43
2022-11-19,6.55
2022-11-20,6.60
2022-11-21,6.58
2022-11-22,6.73
2022-11-23,6.56
2022-11-24,6.47
2022-11-25,6.55
2022-11-26,6.43
2022-11-27,6.42
2022-11-28,6.36
2022-11-29,6.44
2022-11-30,6.56
2022-12-01,6.50
2022-12-02,6.41
2022-12-03,6.38
2022-12-04,6.29
2022-12-05,6.21
2022-12-06,6.15
2022-12-07,6.11
2022-12-08,6.06
2022-12-09,6.11
2022-12-10,6.20
2022-12-11,6.12
2022-12-12,6.06
2022-12-13,6.09
2022-12-14,6.06
2022-12-15,6.05
2022-12-16,6.03
2022-12-17,5.99
2022-12-18,5.96
2022-12-19,5.96
2022-12-20,5.95
2022-12-21,5.91
2022-12-22,5.89
2022-12-23,5.87
2022-12-24,5.88
2022-12-25,5.88
2022-12-26,5.90
2022-12-27,5.85
2022-12-28,5.75
2022-12-29,5.71
2022-12-30,5.68
2022-12-31,5.65
2023-01-01,5.63
2023-01-02,5.53
2023-01-03,5.39
2023-01-04,5.29
2023-01-05,5.19
2023-01-06,5.14
2023-01-07,5.09
2023-01-08,5.04
2023-01-09,4.97
2023-01-10,4.92
2023-01-11,4.86
2023-01-12,4.76
2023-01-13,4.62
2023-01-14,4.63
2023-01-15,4.64
2023-01-16,4.64
2023-01-17,4.71
2023-01-18,4.76
2023-01-19,4.79
2023-01-20,4.76
2023-01-21,4.75
2023-01-22,4.68
2023-01-23,4.65
2023-01-24,4.67
2023-01-25,4.52
2023-01-26,4.36
2023-01-27,4.38
2023-01-28,4.37
2023-01-29,4.33
2023-01-30,4.29
2023-01-31,4.30
2023-02-01,4.30
2023-02-02,4.27
2023-02-03,4.25
2023-02-04,4.18
2023-02-05,3.69
2023-02-06,3.41
2023-02-07,3.26
2023-02-08,3.23
2023-02-09,3.30
2023-02-10,3.22
2023-02-11,3.34
2023-02-12,3.36
2023-02-13,3.43
2023-02-14,3.49
2023-02-15,3.50
2023-02-16,3.64
2023-02-17,3.72
2023-02-18,3.81
2023-02-19,3.83
2023-02-20,3.82
2023-02-21,3.91
2023-02-22,3.95
2023-02-23,3.89
2023-02-24,3.80
2023-02-25,3.72
2023-02-26,3.61
2023-02-27,3.56
2023-02-28,3.49
2023-03-01,3.45
2023-03-02,3.45
2023-03-03,3.46
2023-03-04,3.31
2023-03-05,3.18
2023-03-06,3.09
2023-03-07,3.04
2023-03-08,3.00
2023-03-09,2.99
2023-03-10,2.99
2023-03-11,2.98
2023-03-12,2.96
2023-03-13,2.97
2023-03-14,3.07
2023-03-15,3.21
2023-03-16,3.57
2023-03-17,3.68
2023-03-18,3.67
2023-03-19,3.70
2023-03-20,3.73
2023-03-21,3.49
2023-03-22,3.28
2023-03-23,3.12
2023-03-24,3.09
2023-03-25,3.13
2023-03-26,3.12
2023-03-27,3.13
2023-03-28,3.15
2023-03-29,3.20
2023-03-30,3.23
2023-03-31,3.28
2023-04-01,3.30
2023-04-02,3.38
2023-04-03,3.31
2023-04-04,3.00
2023-04-05,2.78
2023-04-06,2.60
2023-04-07,2.63
2023-04-08,2.67
2023-04-09,2.57
2023-04-10,2.52
2023-04-11,2.55
2023-04-12,2.61
2023-04-13,2.72
2023-04-14,2.79
2023-04-15,2.81
2023-04-16,2.86
2023-04-17,2.93
2023-04-18,3.03
2023-04-19,3.17
2023-04-20,3.30
2023-04-21,3.34
2023-04-22,3.34
2023-04-23,3.38
2023-04-24,3.44
2023-04-25,3.49
2023-04-26,3.53
2023-04-27,3.56
2023-04-28,3.59
2023-04-29,3.61
2023-04-30,3.61
2023-05-01,3.62
2023-05-02,3.63
2023-05-03,3.66
2023-05-04,3.71
2023-05-05,3.74
2023-05-06,3.74
2023-05-07,3.79
2023-05-08,3.87
2023-05-09,3.89
2023-05-10,3.77
2023-05-11,3.70
2023-05-12,3.70
2023-05-13,3.73
2023-05-14,3.76
2023-05-15,3.69
2023-05-16,3.58
2023-05-17,3.51
2023-05-18,3.49
2023-05-19,3.43
2023-05-20,3.39
2023-05-21,3.42
2023-05-22,3.50
2023-05-23,3.50
2023-05-24,3.54
2023-05-25,3.55
2023-05-26,3.59
2023-05-27,3.67
2023-05-28,3.68
2023-05-29,3.62
2023-05-30,3.59
2023-05-31,3.55
2023-06-01,3.55
2023-06-02,3.59
2023-06-03,3.64
2023-06-04,3.70
2023-06-05,3.77
2023-06-06,3.82
2023-06-07,3.87
2023-06-08,3.93
2023-06-09,3.98
2023-06-10,3.99
2023-06-11,3.99
2023-06-12,3.99
2023-06-13,4.00
2023-06-14,4.00
2023-06-15,4.02
2023-06-16,4.00
2023-06-17,4.02
2023-06-18,4.05
2023-06-19,4.08
2023-06-20,4.11
2023-06-21,4.21
2023-06-22,4.28
2023-06-23,4.29
2023-06-24,4.32
2023-06-25,4.32
2023-06-26,4.31
2023-06-27,4.31
2023-06-28,4.28
2023-06-29,4.31
2023-06-30,4.37
2023-07-01,4.38
2023-07-02,4.36
2023-07-03,4.33
2023-07-04,4.30
2023-07-05,4.28
2023-07-06,4.27
2023-07-07,4.25
2023-07-08,4.22
2023-07-09,4.23
2023-07-10,4.27
2023-07-11,4.29
2023-07-12,4.27
2023-07-13,4.25
2023-07-14,4.28
2023-07-15,4.32
2023-07-16,4.32
2023-07-17,4.33
2023-07-18,4.34
2023-07-19,4.34
2023-07-20,4.36
2023-07-21,4.36
2023-07-22,4.36
2023-07-23,4.36
2023-07-24,4.37
2023-07-25,4.39
2023-07-26,4.38
2023-07-27,4.34
2023-07-28,4.33
2023-07-29,4.33
2023-07-30,4.34
2023-07-31,4.35
2023-08-01,4.35
2023-08-02,4.31
2023-08-03,4.31
2023-08-04,4.31
2023-08-05,4.31
2023-08-06,4.31
2023-08-07,4.33
2023-08-08,4.38
2023-08-09,4.40
2023-08-10,4.37
2023-08-11,4.37
2023-08-12,4.44
2023-08-13,4.44
2023-08-14,4.42
2023-08-15,4.46
2023-08-16,4.55
2023-08-17,4.59
2023-08-18,4.59
2023-08-19,4.57
2023-08-20,4.55
2023-08-21,4.57
2023-08-22,4.55
2023-08-23,4.52
2023-08-24,4.49
2023-08-25,4.51
2023-08-26,4.56
2023-08-27,4.56
2023-08-28,4.52
2023-08-29,4.51
2023-08-30,4.48
2023-08-31,4.45
2023-09-01,4.45
2023-09-02,4.51
2023-09-03,4.47
2023-09-04,4.48
2023-09-05,4.53
2023-09-06,4.55
2023-09-07,4.52
2023-09-08,4.54
2023-09-09,4.57
2023-09-10,4.57
2023-09-11,4.55
2023-09-12,4.56
2023-09-13,4.56
2023-09-14,4.58
2023-09-15,4.58
2023-09-16,4.57
2023-09-17,4.57
2023-09-18,4.51
2023-09-19,4.54
2023-09-20,4.52
2023-09-21,4.51
2023-09-22,4.62
2023-09-23,4.75
2023-09-24,4.83
2023-09-25,4.93
2023-09-26,4.99
2023-09-27,5.05
2023-09-28,5.07
2023-09-29,5.04
2023-09-30,4.99
2023-10-01,4.93
2023-10-02,4.86
2023-10-03,4.82
2023-10-04,4.77
2023-10-05,4.78
2023-10-06,4.80
2023-10-07,4.84
2023-10-08,4.85
2023-10-09,4.86
2023-10-10,4.77
2023-10-11,4.82
2023-10-12,4.84
2023-10-13,4.83
2023-10-14,4.84
2023-10-15,4.87
2023-10-16,4.88
2023-10-17,4.94
2023-10-18,5.12
2023-10-19,5.30
2023-10-20,5.20
2023-10-21,5.04
2023-10-22,4.97
2023-10-23,4.95
2023-10-24,5.10
2023-10-25,5.08
2023-10-26,5.17
2023-10-27,5.21
2023-10-28,5.14
2023-10-29,5.02
2023-10-30,5.05
2023-10-31,5.08
2023-11-01,5.09
2023-11-02,5.37
2023-11-03,5.61
2023-11-04,5.72
2023-11-05,5.54
2023-11-06,5.35
2023-11-07,5.60
2023-11-08,5.55
2023-11-09,5.31
2023-11-10,5.40
2023-11-11,5.42
2023-11-12,5.23
2023-11-13,5.29
2023-11-14,5.28
2023-11-15,5.32
2023-11-16,5.26
2023-11-17,5.23
2023-11-18,5.28
2023-11-19,5.26
2023-11-20,5.16
2023-11-21,5.19
2023-11-22,5.24
2023-11-23,5.38
2023-11-24,5.43
2023-11-25,5.40
2023-11-26,5.53
2023-11-27,5.49
2023-11-28,5.39
2023-11-29,5.24
2023-11-30,5.14
2023-12-01,5.30
2023-12-02,5.29
2023-12-03,5.35
2023-12-04,5.38
2023-12-05,5.40
2023-12-06,5.43
2023-12-07,5.35
2023-12-08,5.16
2023-12-09,5.02
2023-12-10,5.00
2023-12-11,5.00
2023-12-12,4.99
2023-12-13,5.00
2023-12-14,5.06
2023-12-15,5.15
2023-12-16,5.17
2023-12-17,5.07
2023-12-18,4.95
2023-12-19,4.91
2023-12-20,4.96
2023-12-21,5.01
2023-12-22,5.03
2023-12-23,4.88
2023-12-24,4.77
2023-12-25,4.74
2023-12-26,4.75
2023-12-27,4.74
2023-12-28,4.68
2023-12-29,4.65
2023-12-30,4.69
2023-12-31,4.72
